timestamp;thermostat_navn;temperature;setpoint;reguleringstype;state;heater;heat_percent
2026-08-04T18:05:06;Kogekar;23,800;45,000;auto;Opvarmning;1;100,000
2026-08-04T18:05:11;Kogekar;23,800;45,000;auto;Opvarmning;1;100,000
2026-08-04T18:05:16;Kogekar;23,800;45,000;auto;Opvarmning;1;100,000
2026-08-04T18:05:21;Kogekar;23,800;45,000;auto;Opvarmning;1;100,000
2026-08-04T18:05:26;Kogekar;23,800;45,000;auto;Opvarmning;1;100,000
2026-08-04T18:05:32;Kogekar;23,900;45,000;auto;Opvarmning;1;100,000
2026-08-04T18:05:37;Kogekar;23,800;45,000;auto;Opvarmning;1;100,000
2026-08-04T18:05:42;Kogekar;23,900;45,000;auto;Opvarmning;1;100,000
2026-08-04T18:05:48;Kogekar;23,900;45,000;auto;Opvarmning;1;100,000
2026-08-04T18:05:53;Kogekar;23,900;45,000;auto;Opvarmning;1;100,000
2026-08-04T18:05:58;Kogekar;23,800;45,000;auto;Opvarmning;1;100,000
2026-08-04T18:06:03;Kogekar;23,800;45,000;auto;Opvarmning;1;100,000
2026-08-04T18:06:09;Kogekar;23,900;45,000;auto;Opvarmning;1;100,000
2026-08-04T18:06:14;Kogekar;23,800;45,000;auto;Opvarmning;1;100,000
2026-08-04T18:06:19;Kogekar;23,800;45,000;auto;Opvarmning;1;100,000
2026-08-04T18:06:24;Kogekar;23,800;45,000;auto;Opvarmning;1;100,000
2026-08-04T18:06:29;Kogekar;23,800;45,000;auto;Opvarmning;1;100,000
2026-08-04T18:06:35;Kogekar;23,800;45,000;auto;Opvarmning;1;100,000
2026-08-04T18:06:40;Kogekar;23,800;45,000;auto;Opvarmning;1;100,000
2026-08-04T18:06:45;Kogekar;23,800;45,000;auto;Opvarmning;1;100,000
2026-08-04T18:06:50;Kogekar;23,900;45,000;auto;Opvarmning;1;100,000
2026-08-04T18:06:56;Kogekar;23,900;45,000;auto;Opvarmning;1;100,000
2026-08-04T18:07:01;Kogekar;23,900;45,000;auto;Opvarmning;1;100,000
2026-08-04T18:07:06;Kogekar;23,900;45,000;auto;Opvarmning;1;100,000
2026-08-04T18:07:11;Kogekar;23,900;45,000;auto;Opvarmning;1;100,000
2026-08-04T18:07:17;Kogekar;23,900;45,000;auto;Opvarmning;1;100,000
2026-08-04T18:07:22;Kogekar;23,900;45,000;auto;Opvarmning;1;100,000
2026-08-04T18:07:27;Kogekar;23,900;45,000;auto;Opvarmning;1;100,000
2026-08-04T18:07:32;Kogekar;23,900;45,000;auto;Opvarmning;1;100,000
2026-08-04T18:07:38;Kogekar;24,000;45,000;auto;Opvarmning;1;100,000
2026-08-04T18:07:43;Kogekar;24,000;45,000;auto;Opvarmning;1;100,000
2026-08-04T18:07:48;Kogekar;24,000;45,000;auto;Opvarmning;1;100,000
2026-08-04T18:07:53;Kogekar;24,000;45,000;auto;Opvarmning;1;100,000
2026-08-04T18:07:59;Kogekar;24,000;45,000;auto;Opvarmning;1;100,000
2026-08-04T18:08:04;Kogekar;24,100;45,000;auto;Opvarmning;1;100,000
2026-08-04T18:08:09;Kogekar;24,100;45,000;auto;Opvarmning;1;100,000
2026-08-04T18:08:14;Kogekar;24,100;45,000;auto;Opvarmning;1;100,000
2026-08-04T18:08:20;Kogekar;24,100;45,000;auto;Opvarmning;1;100,000
2026-08-04T18:08:25;Kogekar;24,100;45,000;auto;Opvarmning;1;100,000
2026-08-04T18:08:30;Kogekar;24,200;45,000;auto;Opvarmning;1;100,000
2026-08-04T18:08:36;Kogekar;24,200;45,000;auto;Opvarmning;1;100,000
2026-08-04T18:08:41;Kogekar;24,200;45,000;auto;Opvarmning;1;100,000
2026-08-04T18:08:46;Kogekar;24,200;45,000;auto;Opvarmning;1;100,000
2026-08-04T18:08:52;Kogekar;24,200;45,000;auto;Opvarmning;1;100,000
2026-08-04T18:08:57;Kogekar;24,300;45,000;auto;Opvarmning;1;100,000
2026-08-04T18:09:02;Kogekar;24,300;45,000;auto;Opvarmning;1;100,000
2026-08-04T18:09:08;Kogekar;24,300;45,000;auto;Opvarmning;1;100,000
2026-08-04T18:09:13;Kogekar;24,300;45,000;auto;Opvarmning;1;100,000
2026-08-04T18:09:18;Kogekar;24,400;45,000;auto;Opvarmning;1;100,000
2026-08-04T18:09:24;Kogekar;24,400;45,000;auto;Opvarmning;1;100,000
2026-08-04T18:09:29;Kogekar;24,400;45,000;auto;Opvarmning;1;100,000
2026-08-04T18:09:34;Kogekar;24,400;45,000;auto;Opvarmning;1;100,000
2026-08-04T18:09:39;Kogekar;24,400;45,000;auto;Opvarmning;1;100,000
2026-08-04T18:09:45;Kogekar;24,400;45,000;auto;Opvarmning;1;100,000
2026-08-04T18:09:50;Kogekar;24,500;45,000;auto;Opvarmning;1;100,000
2026-08-04T18:09:55;Kogekar;24,500;45,000;auto;Opvarmning;1;100,000
2026-08-04T18:10:00;Kogekar;24,500;45,000;auto;Opvarmning;1;100,000
2026-08-04T18:10:06;Kogekar;24,600;45,000;auto;Opvarmning;1;100,000
2026-08-04T18:10:11;Kogekar;24,600;45,000;auto;Opvarmning;1;100,000
2026-08-04T18:10:16;Kogekar;24,600;45,000;auto;Opvarmning;1;100,000
2026-08-04T18:10:21;Kogekar;24,600;45,000;auto;Opvarmning;1;100,000
2026-08-04T18:10:27;Kogekar;24,700;45,000;auto;Opvarmning;1;100,000
2026-08-04T18:10:32;Kogekar;24,800;45,000;auto;Opvarmning;1;100,000
2026-08-04T18:10:37;Kogekar;24,800;45,000;auto;Opvarmning;1;100,000
2026-08-04T18:10:43;Kogekar;24,800;45,000;auto;Opvarmning;1;100,000
2026-08-04T18:10:48;Kogekar;24,800;45,000;auto;Opvarmning;1;100,000
2026-08-04T18:10:53;Kogekar;24,900;45,000;auto;Opvarmning;1;100,000
2026-08-04T18:10:58;Kogekar;24,900;45,000;auto;Opvarmning;1;100,000
2026-08-04T18:11:04;Kogekar;24,900;45,000;auto;Opvarmning;1;100,000
2026-08-04T18:11:09;Kogekar;24,900;45,000;auto;Opvarmning;1;100,000
2026-08-04T18:11:14;Kogekar;24,900;45,000;auto;Opvarmning;1;100,000
2026-08-04T18:11:20;Kogekar;25,000;45,000;auto;Opvarmning;1;100,000
2026-08-04T18:11:25;Kogekar;25,100;45,000;auto;Opvarmning;1;100,000
2026-08-04T18:11:30;Kogekar;25,100;45,000;auto;Opvarmning;1;100,000
2026-08-04T18:11:35;Kogekar;25,100;45,000;auto;Opvarmning;1;100,000
2026-08-04T18:11:41;Kogekar;25,100;45,000;auto;Opvarmning;1;100,000
2026-08-04T18:11:46;Kogekar;25,200;45,000;auto;Opvarmning;1;100,000
2026-08-04T18:11:51;Kogekar;25,200;45,000;auto;Opvarmning;1;100,000
2026-08-04T18:11:56;Kogekar;25,500;45,000;auto;Opvarmning;1;100,000
2026-08-04T18:12:02;Kogekar;25,600;45,000;auto;Opvarmning;1;100,000
2026-08-04T18:12:07;Kogekar;25,700;45,000;auto;Opvarmning;1;100,000
2026-08-04T18:12:12;Kogekar;25,600;45,000;auto;Opvarmning;1;100,000
2026-08-04T18:12:17;Kogekar;25,500;45,000;auto;Opvarmning;1;100,000
2026-08-04T18:12:23;Kogekar;25,600;45,000;auto;Opvarmning;1;100,000
2026-08-04T18:12:28;Kogekar;25,600;45,000;auto;Opvarmning;1;100,000
2026-08-04T18:12:33;Kogekar;25,500;45,000;auto;Opvarmning;1;100,000
2026-08-04T18:12:38;Kogekar;25,500;45,000;auto;Opvarmning;1;100,000
2026-08-04T18:12:43;Kogekar;25,500;45,000;auto;Opvarmning;1;100,000
2026-08-04T18:12:49;Kogekar;25,500;45,000;auto;Opvarmning;1;100,000
2026-08-04T18:12:54;Kogekar;25,700;45,000;auto;Opvarmning;1;100,000
2026-08-04T18:12:59;Kogekar;25,700;45,000;auto;Opvarmning;1;100,000
2026-08-04T18:13:04;Kogekar;25,700;45,000;auto;Opvarmning;1;100,000
2026-08-04T18:13:09;Kogekar;25,800;45,000;auto;Opvarmning;1;100,000
2026-08-04T18:13:15;Kogekar;25,700;45,000;auto;Opvarmning;1;100,000
2026-08-04T18:13:20;Kogekar;25,800;45,000;auto;Opvarmning;1;100,000
2026-08-04T18:13:25;Kogekar;25,900;45,000;auto;Opvarmning;1;100,000
2026-08-04T18:13:30;Kogekar;26,000;45,000;auto;Opvarmning;1;100,000
2026-08-04T18:13:36;Kogekar;26,000;45,000;auto;Opvarmning;1;100,000
2026-08-04T18:13:41;Kogekar;26,000;45,000;auto;Opvarmning;1;100,000
2026-08-04T18:13:46;Kogekar;25,900;45,000;auto;Opvarmning;1;100,000
2026-08-04T18:13:52;Kogekar;25,900;45,000;auto;Opvarmning;1;100,000
2026-08-04T18:13:57;Kogekar;25,900;45,000;auto;Opvarmning;1;100,000
2026-08-04T18:14:02;Kogekar;26,000;45,000;auto;Opvarmning;1;100,000
2026-08-04T18:14:08;Kogekar;26,000;45,000;auto;Opvarmning;1;100,000
2026-08-04T18:14:13;Kogekar;26,100;45,000;auto;Opvarmning;1;100,000
2026-08-04T18:14:18;Kogekar;26,200;45,000;auto;Opvarmning;1;100,000
2026-08-04T18:14:24;Kogekar;26,400;45,000;auto;Opvarmning;1;100,000
2026-08-04T18:14:29;Kogekar;26,500;45,000;auto;Opvarmning;1;100,000
2026-08-04T18:14:34;Kogekar;26,400;45,000;auto;Opvarmning;1;100,000
2026-08-04T18:14:39;Kogekar;26,500;45,000;auto;Opvarmning;1;100,000
2026-08-04T18:14:45;Kogekar;26,400;45,000;auto;Opvarmning;1;100,000
2026-08-04T18:14:50;Kogekar;26,500;45,000;auto;Opvarmning;1;100,000
2026-08-04T18:14:55;Kogekar;26,800;45,000;auto;Opvarmning;1;100,000
2026-08-04T18:15:00;Kogekar;27,000;45,000;auto;Opvarmning;1;100,000
2026-08-04T18:15:05;Kogekar;27,100;45,000;auto;Opvarmning;1;100,000
2026-08-04T18:15:11;Kogekar;27,200;45,000;auto;Opvarmning;1;100,000
2026-08-04T18:15:16;Kogekar;27,200;45,000;auto;Opvarmning;1;100,000
2026-08-04T18:15:21;Kogekar;27,300;45,000;auto;Opvarmning;1;100,000
2026-08-04T18:15:26;Kogekar;27,400;45,000;auto;Opvarmning;1;100,000
2026-08-04T18:15:32;Kogekar;27,200;45,000;auto;Opvarmning;1;100,000
2026-08-04T18:15:37;Kogekar;27,100;45,000;auto;Opvarmning;1;100,000
2026-08-04T18:15:42;Kogekar;27,000;45,000;auto;Opvarmning;1;100,000
2026-08-04T18:15:47;Kogekar;27,100;45,000;auto;Opvarmning;1;100,000
2026-08-04T18:15:53;Kogekar;27,200;45,000;auto;Opvarmning;1;100,000
2026-08-04T18:15:58;Kogekar;27,300;45,000;auto;Opvarmning;1;100,000
2026-08-04T18:16:03;Kogekar;27,500;45,000;auto;Opvarmning;1;100,000
2026-08-04T18:16:08;Kogekar;27,300;45,000;auto;Opvarmning;1;100,000
2026-08-04T18:16:13;Kogekar;27,200;45,000;auto;Opvarmning;1;100,000
2026-08-04T18:16:19;Kogekar;27,400;45,000;auto;Opvarmning;1;100,000
2026-08-04T18:16:24;Kogekar;27,500;45,000;auto;Opvarmning;1;100,000
2026-08-04T18:16:29;Kogekar;27,700;45,000;auto;Opvarmning;1;100,000
2026-08-04T18:16:34;Kogekar;27,600;45,000;auto;Opvarmning;1;100,000
2026-08-04T18:16:40;Kogekar;27,500;45,000;auto;Opvarmning;1;100,000
2026-08-04T18:16:45;Kogekar;27,600;45,000;auto;Opvarmning;1;100,000
2026-08-04T18:16:50;Kogekar;27,700;45,000;auto;Opvarmning;1;100,000
2026-08-04T18:16:55;Kogekar;28,000;45,000;auto;Opvarmning;1;100,000
2026-08-04T18:17:00;Kogekar;28,100;45,000;auto;Opvarmning;1;100,000
2026-08-04T18:17:06;Kogekar;28,000;45,000;auto;Opvarmning;1;100,000
2026-08-04T18:17:11;Kogekar;28,200;45,000;auto;Opvarmning;1;100,000
2026-08-04T18:17:16;Kogekar;28,300;45,000;auto;Opvarmning;1;100,000
2026-08-04T18:17:22;Kogekar;28,100;45,000;auto;Opvarmning;1;100,000
2026-08-04T18:17:27;Kogekar;28,000;45,000;auto;Opvarmning;1;100,000
2026-08-04T18:17:32;Kogekar;28,100;45,000;auto;Opvarmning;1;100,000
2026-08-04T18:17:38;Kogekar;28,100;45,000;auto;Opvarmning;1;100,000
2026-08-04T18:17:43;Kogekar;28,100;45,000;auto;Opvarmning;1;100,000
2026-08-04T18:17:48;Kogekar;28,200;45,000;auto;Opvarmning;1;100,000
2026-08-04T18:17:54;Kogekar;28,200;45,000;auto;Opvarmning;1;100,000
2026-08-04T18:17:59;Kogekar;28,300;45,000;auto;Opvarmning;1;100,000
2026-08-04T18:18:04;Kogekar;28,700;45,000;auto;Opvarmning;1;100,000
2026-08-04T18:18:09;Kogekar;28,600;45,000;auto;Opvarmning;1;100,000
2026-08-04T18:18:15;Kogekar;28,600;45,000;auto;Opvarmning;1;100,000
2026-08-04T18:18:20;Kogekar;28,500;45,000;auto;Opvarmning;1;100,000
2026-08-04T18:18:25;Kogekar;28,600;45,000;auto;Opvarmning;1;100,000
2026-08-04T18:18:30;Kogekar;28,700;45,000;auto;Opvarmning;1;100,000
2026-08-04T18:18:36;Kogekar;28,900;45,000;auto;Opvarmning;1;100,000
2026-08-04T18:18:41;Kogekar;28,900;45,000;auto;Opvarmning;1;100,000
2026-08-04T18:18:46;Kogekar;29,000;45,000;auto;Opvarmning;1;100,000
2026-08-04T18:18:51;Kogekar;29,000;45,000;auto;Opvarmning;1;100,000
2026-08-04T18:18:56;Kogekar;29,000;45,000;auto;Opvarmning;1;100,000
2026-08-04T18:19:02;Kogekar;29,100;45,000;auto;Opvarmning;1;100,000
2026-08-04T18:19:07;Kogekar;29,100;45,000;auto;Opvarmning;1;100,000
2026-08-04T18:19:12;Kogekar;29,300;45,000;auto;Opvarmning;1;100,000
2026-08-04T18:19:17;Kogekar;29,400;45,000;auto;Opvarmning;1;100,000
2026-08-04T18:19:23;Kogekar;29,400;45,000;auto;Opvarmning;1;100,000
2026-08-04T18:19:28;Kogekar;29,500;45,000;auto;Opvarmning;1;100,000
2026-08-04T18:19:33;Kogekar;29,500;45,000;auto;Opvarmning;1;100,000
2026-08-04T18:19:38;Kogekar;29,700;45,000;auto;Opvarmning;1;100,000
2026-08-04T18:19:44;Kogekar;29,800;45,000;auto;Opvarmning;1;100,000
2026-08-04T18:19:49;Kogekar;29,800;45,000;auto;Opvarmning;1;100,000
2026-08-04T18:19:54;Kogekar;29,800;45,000;auto;Opvarmning;1;100,000
2026-08-04T18:19:59;Kogekar;29,800;45,000;auto;Opvarmning;1;100,000
2026-08-04T18:20:05;Kogekar;29,800;45,000;auto;Opvarmning;1;100,000
2026-08-04T18:20:10;Kogekar;29,800;45,000;auto;Opvarmning;1;100,000
2026-08-04T18:20:15;Kogekar;29,900;45,000;auto;Opvarmning;1;100,000
2026-08-04T18:20:20;Kogekar;30,000;45,000;auto;Opvarmning;1;100,000
2026-08-04T18:20:26;Kogekar;30,000;45,000;auto;Opvarmning;1;100,000
2026-08-04T18:20:31;Kogekar;30,000;45,000;auto;Opvarmning;1;100,000
2026-08-04T18:20:36;Kogekar;30,100;45,000;auto;Opvarmning;1;100,000
2026-08-04T18:20:42;Kogekar;30,300;45,000;auto;Opvarmning;1;100,000
2026-08-04T18:20:47;Kogekar;30,400;45,000;auto;Opvarmning;1;100,000
2026-08-04T18:20:52;Kogekar;30,500;45,000;auto;Opvarmning;1;100,000
2026-08-04T18:20:57;Kogekar;30,600;45,000;auto;Opvarmning;1;100,000
2026-08-04T18:21:02;Kogekar;30,600;45,000;auto;Opvarmning;1;100,000
2026-08-04T18:21:08;Kogekar;30,600;45,000;auto;Opvarmning;1;100,000
2026-08-04T18:21:13;Kogekar;30,900;45,000;auto;Opvarmning;1;100,000
2026-08-04T18:21:18;Kogekar;31,100;45,000;auto;Opvarmning;1;100,000
2026-08-04T18:21:23;Kogekar;31,300;45,000;auto;Opvarmning;1;100,000
2026-08-04T18:21:29;Kogekar;31,300;45,000;auto;Opvarmning;1;100,000
2026-08-04T18:21:34;Kogekar;31,100;45,000;auto;Opvarmning;1;100,000
2026-08-04T18:21:40;Kogekar;31,400;45,000;auto;Opvarmning;1;100,000
2026-08-04T18:21:45;Kogekar;31,300;45,000;auto;Opvarmning;1;100,000
2026-08-04T18:21:50;Kogekar;31,600;45,000;auto;Opvarmning;1;100,000
2026-08-04T18:21:55;Kogekar;31,700;45,000;auto;Opvarmning;1;100,000
2026-08-04T18:22:01;Kogekar;32,000;45,000;auto;Opvarmning;1;100,000
2026-08-04T18:22:06;Kogekar;31,900;45,000;auto;Opvarmning;1;100,000
2026-08-04T18:22:11;Kogekar;31,800;45,000;auto;Opvarmning;1;100,000
2026-08-04T18:22:17;Kogekar;31,700;45,000;auto;Opvarmning;1;100,000
2026-08-04T18:22:22;Kogekar;31,600;45,000;auto;Opvarmning;1;100,000
2026-08-04T18:22:27;Kogekar;31,600;45,000;auto;Opvarmning;1;100,000
2026-08-04T18:22:32;Kogekar;31,600;45,000;auto;Opvarmning;1;100,000
2026-08-04T18:22:37;Kogekar;31,600;45,000;auto;Opvarmning;1;100,000
2026-08-04T18:22:43;Kogekar;31,900;45,000;auto;Opvarmning;1;100,000
2026-08-04T18:22:48;Kogekar;31,800;45,000;auto;Opvarmning;1;100,000
2026-08-04T18:22:53;Kogekar;32,000;45,000;auto;Opvarmning;1;100,000
2026-08-04T18:22:58;Kogekar;31,900;45,000;auto;Opvarmning;1;100,000
2026-08-04T18:23:04;Kogekar;32,200;45,000;auto;Opvarmning;1;100,000
2026-08-04T18:23:09;Kogekar;32,200;45,000;auto;Opvarmning;1;100,000
2026-08-04T18:23:14;Kogekar;32,200;45,000;auto;Opvarmning;1;100,000
2026-08-04T18:23:20;Kogekar;32,400;45,000;auto;Opvarmning;1;100,000
2026-08-04T18:23:25;Kogekar;32,400;45,000;auto;Opvarmning;1;100,000
2026-08-04T18:23:30;Kogekar;32,500;45,000;auto;Opvarmning;1;100,000
2026-08-04T18:23:35;Kogekar;32,500;45,000;auto;Opvarmning;1;100,000
2026-08-04T18:23:40;Kogekar;32,600;45,000;auto;Opvarmning;1;100,000
2026-08-04T18:23:45;Kogekar;32,600;45,000;auto;Opvarmning;1;100,000
2026-08-04T18:23:51;Kogekar;32,700;45,000;auto;Opvarmning;1;100,000
2026-08-04T18:23:56;Kogekar;32,800;45,000;auto;Opvarmning;1;100,000
2026-08-04T18:24:01;Kogekar;32,800;45,000;auto;Opvarmning;1;100,000
2026-08-04T18:24:06;Kogekar;33,000;45,000;auto;Opvarmning;1;100,000
2026-08-04T18:24:11;Kogekar;33,000;45,000;auto;Opvarmning;1;100,000
2026-08-04T18:24:17;Kogekar;33,100;45,000;auto;Opvarmning;1;100,000
2026-08-04T18:24:22;Kogekar;33,400;45,000;auto;Opvarmning;1;100,000
2026-08-04T18:24:27;Kogekar;33,400;45,000;auto;Opvarmning;1;100,000
2026-08-04T18:24:32;Kogekar;33,400;45,000;auto;Opvarmning;1;100,000
2026-08-04T18:24:38;Kogekar;33,400;45,000;auto;Opvarmning;1;100,000
2026-08-04T18:24:43;Kogekar;33,500;45,000;auto;Opvarmning;1;100,000
2026-08-04T18:24:48;Kogekar;33,500;45,000;auto;Opvarmning;1;100,000
2026-08-04T18:24:53;Kogekar;33,600;45,000;auto;Opvarmning;1;100,000
2026-08-04T18:24:59;Kogekar;33,600;45,000;auto;Opvarmning;1;100,000
2026-08-04T18:25:04;Kogekar;33,600;45,000;auto;Opvarmning;1;100,000
2026-08-04T18:25:09;Kogekar;33,700;45,000;auto;Opvarmning;1;100,000
2026-08-04T18:25:14;Kogekar;33,800;45,000;auto;Opvarmning;1;100,000
2026-08-04T18:25:20;Kogekar;33,900;45,000;auto;Opvarmning;1;100,000
2026-08-04T18:25:25;Kogekar;33,900;45,000;auto;Opvarmning;1;100,000
2026-08-04T18:25:30;Kogekar;34,100;45,000;auto;Opvarmning;1;100,000
2026-08-04T18:25:36;Kogekar;34,200;45,000;auto;Opvarmning;1;100,000
2026-08-04T18:25:41;Kogekar;34,300;45,000;auto;Opvarmning;1;100,000
2026-08-04T18:25:46;Kogekar;34,400;45,000;auto;Opvarmning;1;100,000
2026-08-04T18:25:52;Kogekar;34,400;45,000;auto;Opvarmning;1;100,000
2026-08-04T18:25:57;Kogekar;34,300;45,000;auto;Opvarmning;1;100,000
2026-08-04T18:26:02;Kogekar;34,400;45,000;auto;Opvarmning;1;100,000
2026-08-04T18:26:07;Kogekar;34,500;45,000;auto;Opvarmning;1;100,000
2026-08-04T18:26:13;Kogekar;34,700;45,000;auto;Opvarmning;1;100,000
2026-08-04T18:26:18;Kogekar;35,100;45,000;auto;Opvarmning;0;1,200
2026-08-04T18:26:23;Kogekar;35,100;45,000;auto;Opvarmning;0;1,200
2026-08-04T18:26:29;Kogekar;35,000;45,000;auto;Opvarmning;1;100,000
2026-08-04T18:26:34;Kogekar;35,200;45,000;auto;Opvarmning;0;1,200
2026-08-04T18:26:39;Kogekar;35,300;45,000;auto;Opvarmning;0;1,200
2026-08-04T18:26:44;Kogekar;35,300;45,000;auto;Opvarmning;0;1,200
2026-08-04T18:26:50;Kogekar;35,300;45,000;auto;Opvarmning;0;1,200
2026-08-04T18:26:55;Kogekar;35,300;45,000;auto;Opvarmning;0;1,200
2026-08-04T18:27:00;Kogekar;35,500;45,000;auto;Opvarmning;0;1,200
2026-08-04T18:27:05;Kogekar;35,700;45,000;auto;Opvarmning;0;1,200
2026-08-04T18:27:11;Kogekar;36,000;45,000;auto;Opvarmning;0;1,200
2026-08-04T18:27:16;Kogekar;36,100;45,000;auto;Opvarmning;0;1,100
2026-08-04T18:27:21;Kogekar;36,200;45,000;auto;Opvarmning;0;1,100
2026-08-04T18:27:26;Kogekar;36,200;45,000;auto;Opvarmning;0;1,100
2026-08-04T18:27:32;Kogekar;36,000;45,000;auto;Opvarmning;0;1,200
2026-08-04T18:27:37;Kogekar;36,000;45,000;auto;Opvarmning;0;1,200
2026-08-04T18:27:42;Kogekar;36,000;45,000;auto;Opvarmning;0;1,200
2026-08-04T18:27:47;Kogekar;36,000;45,000;auto;Opvarmning;0;1,200
2026-08-04T18:27:52;Kogekar;36,100;45,000;auto;Opvarmning;0;1,200
2026-08-04T18:27:58;Kogekar;36,300;45,000;auto;Opvarmning;0;1,100
2026-08-04T18:28:03;Kogekar;36,500;45,000;auto;Opvarmning;0;1,100
2026-08-04T18:28:08;Kogekar;36,500;45,000;auto;Opvarmning;0;1,100
2026-08-04T18:28:14;Kogekar;36,600;45,000;auto;Opvarmning;0;1,100
2026-08-04T18:28:19;Kogekar;36,600;45,000;auto;Opvarmning;0;1,100
2026-08-04T18:28:24;Kogekar;36,600;45,000;auto;Opvarmning;0;1,100
2026-08-04T18:28:29;Kogekar;36,700;45,000;auto;Opvarmning;0;1,100
2026-08-04T18:28:35;Kogekar;36,800;45,000;auto;Opvarmning;0;1,100
2026-08-04T18:28:40;Kogekar;36,800;45,000;auto;Opvarmning;0;1,100
2026-08-04T18:28:45;Kogekar;37,100;45,000;auto;Opvarmning;0;1,100
2026-08-04T18:28:50;Kogekar;37,200;45,000;auto;Opvarmning;0;1,000
2026-08-04T18:28:56;Kogekar;37,200;45,000;auto;Opvarmning;0;1,000
2026-08-04T18:29:01;Kogekar;37,100;45,000;auto;Opvarmning;0;1,100
2026-08-04T18:29:06;Kogekar;37,000;45,000;auto;Opvarmning;0;1,100
2026-08-04T18:29:12;Kogekar;37,200;45,000;auto;Opvarmning;0;1,000
2026-08-04T18:29:17;Kogekar;37,300;45,000;auto;Opvarmning;0;1,000
2026-08-04T18:29:22;Kogekar;37,400;45,000;auto;Opvarmning;0;1,000
2026-08-04T18:29:27;Kogekar;37,400;45,000;auto;Opvarmning;0;1,000
2026-08-04T18:29:33;Kogekar;37,300;45,000;auto;Opvarmning;0;1,000
2026-08-04T18:29:38;Kogekar;37,300;45,000;auto;Opvarmning;0;1,000
2026-08-04T18:29:43;Kogekar;37,300;45,000;auto;Opvarmning;0;1,000
2026-08-04T18:29:48;Kogekar;37,300;45,000;auto;Opvarmning;0;1,000
2026-08-04T18:29:54;Kogekar;37,500;45,000;auto;Opvarmning;0;1,000
2026-08-04T18:29:59;Kogekar;37,800;45,000;auto;Opvarmning;0;1,000
2026-08-04T18:30:04;Kogekar;37,900;45,000;auto;Opvarmning;0;1,000
2026-08-04T18:30:09;Kogekar;38,100;45,000;auto;Opvarmning;0;1,000
2026-08-04T18:30:15;Kogekar;38,300;45,000;auto;Opvarmning;0;0,900
2026-08-04T18:30:20;Kogekar;38,200;45,000;auto;Opvarmning;0;1,000
2026-08-04T18:30:25;Kogekar;38,100;45,000;auto;Opvarmning;0;1,000
2026-08-04T18:30:31;Kogekar;38,200;45,000;auto;Opvarmning;0;1,000
2026-08-04T18:30:36;Kogekar;38,200;45,000;auto;Opvarmning;0;0,900
2026-08-04T18:30:41;Kogekar;38,200;45,000;auto;Opvarmning;0;1,000
2026-08-04T18:30:47;Kogekar;38,200;45,000;auto;Opvarmning;0;1,000
2026-08-04T18:30:52;Kogekar;38,300;45,000;auto;Opvarmning;0;0,900
2026-08-04T18:30:57;Kogekar;38,300;45,000;auto;Opvarmning;0;0,900
2026-08-04T18:31:03;Kogekar;38,400;45,000;auto;Opvarmning;0;0,900
2026-08-04T18:31:08;Kogekar;38,400;45,000;auto;Opvarmning;0;0,900
2026-08-04T18:31:13;Kogekar;38,300;45,000;auto;Opvarmning;0;0,900
2026-08-04T18:31:18;Kogekar;38,400;45,000;auto;Opvarmning;0;0,900
2026-08-04T18:31:24;Kogekar;38,400;45,000;auto;Opvarmning;0;0,900
2026-08-04T18:31:29;Kogekar;38,600;45,000;auto;Opvarmning;0;0,900
2026-08-04T18:31:34;Kogekar;38,500;45,000;auto;Opvarmning;0;0,900
2026-08-04T18:31:39;Kogekar;38,400;45,000;auto;Opvarmning;0;0,900
2026-08-04T18:31:45;Kogekar;38,500;45,000;auto;Opvarmning;0;0,900
2026-08-04T18:31:50;Kogekar;38,500;45,000;auto;Opvarmning;0;0,900
2026-08-04T18:31:55;Kogekar;38,600;45,000;auto;Opvarmning;0;0,900
2026-08-04T18:32:00;Kogekar;38,800;45,000;auto;Opvarmning;0;0,900
2026-08-04T18:32:06;Kogekar;38,700;45,000;auto;Opvarmning;0;0,900
2026-08-04T18:32:11;Kogekar;38,800;45,000;auto;Opvarmning;0;0,900
2026-08-04T18:32:16;Kogekar;38,800;45,000;auto;Opvarmning;0;0,900
2026-08-04T18:32:21;Kogekar;38,800;45,000;auto;Opvarmning;0;0,900
2026-08-04T18:32:27;Kogekar;38,800;45,000;auto;Opvarmning;0;0,900
2026-08-04T18:32:32;Kogekar;38,900;45,000;auto;Opvarmning;0;0,900
2026-08-04T18:32:37;Kogekar;38,900;45,000;auto;Opvarmning;0;0,900
2026-08-04T18:32:42;Kogekar;39,000;45,000;auto;Opvarmning;0;0,900
2026-08-04T18:32:48;Kogekar;38,900;45,000;auto;Opvarmning;0;0,900
2026-08-04T18:32:53;Kogekar;39,000;45,000;auto;Opvarmning;0;0,900
2026-08-04T18:32:58;Kogekar;39,000;45,000;auto;Opvarmning;0;0,900
2026-08-04T18:33:04;Kogekar;39,000;45,000;auto;Opvarmning;0;0,900
2026-08-04T18:33:09;Kogekar;39,000;45,000;auto;Opvarmning;0;0,900
2026-08-04T18:33:14;Kogekar;39,100;45,000;auto;Opvarmning;0;0,900
2026-08-04T18:33:19;Kogekar;39,100;45,000;auto;Opvarmning;0;0,900
2026-08-04T18:33:24;Kogekar;39,300;45,000;auto;Opvarmning;0;0,900
2026-08-04T18:33:30;Kogekar;39,300;45,000;auto;Opvarmning;0;0,900
2026-08-04T18:33:35;Kogekar;39,300;45,000;auto;Opvarmning;0;0,900
2026-08-04T18:33:40;Kogekar;39,400;45,000;auto;Opvarmning;0;0,800
2026-08-04T18:33:46;Kogekar;39,400;45,000;auto;Opvarmning;0;0,800
2026-08-04T18:33:51;Kogekar;39,400;45,000;auto;Opvarmning;0;0,800
2026-08-04T18:33:56;Kogekar;39,400;45,000;auto;Opvarmning;0;0,800
2026-08-04T18:34:01;Kogekar;39,600;45,000;auto;Opvarmning;0;0,800
2026-08-04T18:34:06;Kogekar;39,800;45,000;auto;Opvarmning;0;0,800
2026-08-04T18:34:12;Kogekar;39,900;45,000;auto;Opvarmning;0;0,800
2026-08-04T18:34:17;Kogekar;39,800;45,000;auto;Opvarmning;0;0,800
2026-08-04T18:34:22;Kogekar;39,700;45,000;auto;Opvarmning;0;0,800
2026-08-04T18:34:27;Kogekar;39,700;45,000;auto;Opvarmning;0;0,800
2026-08-04T18:34:33;Kogekar;39,700;45,000;auto;Opvarmning;0;0,800
2026-08-04T18:34:38;Kogekar;39,800;45,000;auto;Opvarmning;0;0,800
2026-08-04T18:34:43;Kogekar;39,800;45,000;auto;Opvarmning;0;0,800
2026-08-04T18:34:49;Kogekar;39,900;45,000;auto;Opvarmning;0;0,800
2026-08-04T18:34:54;Kogekar;39,900;45,000;auto;Opvarmning;0;0,800
2026-08-04T18:34:59;Kogekar;40,000;45,000;auto;Advarsel;0;0,800
2026-08-04T18:35:05;Kogekar;40,100;45,000;auto;Advarsel;0;0,800
2026-08-04T18:35:10;Kogekar;40,200;45,000;auto;Advarsel;0;0,800
2026-08-04T18:35:15;Kogekar;40,200;45,000;auto;Advarsel;0;0,800
2026-08-04T18:35:20;Kogekar;40,200;45,000;auto;Advarsel;0;0,800
2026-08-04T18:35:25;Kogekar;40,100;45,000;auto;Advarsel;0;0,800
2026-08-04T18:35:30;Kogekar;40,100;45,000;auto;Advarsel;0;0,800
2026-08-04T18:35:36;Kogekar;40,200;45,000;auto;Advarsel;0;0,800
2026-08-04T18:35:41;Kogekar;40,200;45,000;auto;Advarsel;0;0,800
2026-08-04T18:35:46;Kogekar;40,300;45,000;auto;Advarsel;0;0,800
2026-08-04T18:35:52;Kogekar;40,300;45,000;auto;Advarsel;0;0,800
2026-08-04T18:35:57;Kogekar;40,300;45,000;auto;Advarsel;0;0,800
2026-08-04T18:36:02;Kogekar;40,300;45,000;auto;Advarsel;0;0,800
2026-08-04T18:36:08;Kogekar;40,400;45,000;auto;Advarsel;0;0,800
2026-08-04T18:36:13;Kogekar;40,400;45,000;auto;Advarsel;0;0,800
2026-08-04T18:36:18;Kogekar;40,600;45,000;auto;Advarsel;0;0,700
2026-08-04T18:36:23;Kogekar;40,500;45,000;auto;Advarsel;0;0,700
2026-08-04T18:36:28;Kogekar;40,500;45,000;auto;Advarsel;0;0,700
2026-08-04T18:36:34;Kogekar;40,500;45,000;auto;Advarsel;0;0,700
2026-08-04T18:36:39;Kogekar;40,600;45,000;auto;Advarsel;0;0,700
2026-08-04T18:36:44;Kogekar;40,900;45,000;auto;Advarsel;0;0,700
2026-08-04T18:36:49;Kogekar;40,900;45,000;auto;Advarsel;0;0,700
2026-08-04T18:36:55;Kogekar;40,800;45,000;auto;Advarsel;0;0,700
2026-08-04T18:37:00;Kogekar;40,800;45,000;auto;Advarsel;0;0,700
2026-08-04T18:37:05;Kogekar;40,700;45,000;auto;Advarsel;0;0,700
2026-08-04T18:37:10;Kogekar;40,700;45,000;auto;Advarsel;0;0,700
2026-08-04T18:37:16;Kogekar;40,700;45,000;auto;Advarsel;0;0,700
2026-08-04T18:37:21;Kogekar;40,700;45,000;auto;Advarsel;0;0,700
2026-08-04T18:37:26;Kogekar;40,800;45,000;auto;Advarsel;0;0,700
2026-08-04T18:37:31;Kogekar;40,700;45,000;auto;Advarsel;0;0,700
2026-08-04T18:37:36;Kogekar;40,700;45,000;auto;Advarsel;0;0,700
2026-08-04T18:37:42;Kogekar;40,700;45,000;auto;Advarsel;0;0,700
2026-08-04T18:37:47;Kogekar;40,900;45,000;auto;Advarsel;0;0,700
2026-08-04T18:37:52;Kogekar;41,000;45,000;auto;Advarsel;0;0,700
2026-08-04T18:37:57;Kogekar;41,000;45,000;auto;Advarsel;0;0,700
2026-08-04T18:38:02;Kogekar;41,100;45,000;auto;Advarsel;0;0,700
2026-08-04T18:38:08;Kogekar;41,000;45,000;auto;Advarsel;0;0,700
2026-08-04T18:38:13;Kogekar;41,100;45,000;auto;Advarsel;0;0,700
2026-08-04T18:38:18;Kogekar;41,100;45,000;auto;Advarsel;0;0,700
2026-08-04T18:38:23;Kogekar;41,000;45,000;auto;Advarsel;0;0,700
2026-08-04T18:38:29;Kogekar;41,000;45,000;auto;Advarsel;0;0,700
2026-08-04T18:38:34;Kogekar;41,000;45,000;auto;Advarsel;0;0,700
2026-08-04T18:38:39;Kogekar;41,000;45,000;auto;Advarsel;0;0,700
2026-08-04T18:38:45;Kogekar;40,900;45,000;auto;Advarsel;0;0,700
2026-08-04T18:38:50;Kogekar;40,900;45,000;auto;Advarsel;0;0,700
2026-08-04T18:38:55;Kogekar;41,000;45,000;auto;Advarsel;0;0,700
2026-08-04T18:39:01;Kogekar;41,200;45,000;auto;Advarsel;0;0,700
2026-08-04T18:39:06;Kogekar;41,300;45,000;auto;Advarsel;0;0,700
2026-08-04T18:39:11;Kogekar;41,200;45,000;auto;Advarsel;0;0,700
2026-08-04T18:39:16;Kogekar;41,200;45,000;auto;Advarsel;0;0,700
2026-08-04T18:39:21;Kogekar;41,200;45,000;auto;Advarsel;0;0,700
2026-08-04T18:39:27;Kogekar;41,300;45,000;auto;Advarsel;0;0,700
2026-08-04T18:39:32;Kogekar;41,300;45,000;auto;Advarsel;0;0,700
2026-08-04T18:39:38;Kogekar;41,300;45,000;auto;Advarsel;0;0,700
2026-08-04T18:39:44;Kogekar;41,400;45,000;auto;Advarsel;0;0,700
2026-08-04T18:39:49;Kogekar;41,500;45,000;auto;Advarsel;0;0,600
2026-08-04T18:39:54;Kogekar;41,600;45,000;auto;Advarsel;0;0,600
2026-08-04T18:39:59;Kogekar;41,600;45,000;auto;Advarsel;0;0,600
2026-08-04T18:40:05;Kogekar;41,600;45,000;auto;Advarsel;0;0,600
2026-08-04T18:40:10;Kogekar;41,600;45,000;auto;Advarsel;0;0,600
2026-08-04T18:40:15;Kogekar;41,700;45,000;auto;Advarsel;0;0,600
2026-08-04T18:40:20;Kogekar;41,600;45,000;auto;Advarsel;0;0,600
2026-08-04T18:40:26;Kogekar;41,700;45,000;auto;Advarsel;0;0,600
2026-08-04T18:40:31;Kogekar;41,700;45,000;auto;Advarsel;0;0,600
2026-08-04T18:40:36;Kogekar;41,700;45,000;auto;Advarsel;0;0,600
2026-08-04T18:40:41;Kogekar;41,600;45,000;auto;Advarsel;0;0,600
2026-08-04T18:40:46;Kogekar;41,600;45,000;auto;Advarsel;0;0,600
2026-08-04T18:40:52;Kogekar;41,600;45,000;auto;Advarsel;0;0,600
2026-08-04T18:40:58;Kogekar;41,700;45,000;auto;Advarsel;0;0,600
2026-08-04T18:41:03;Kogekar;42,000;45,000;auto;Advarsel;0;0,600
2026-08-04T18:41:09;Kogekar;41,800;45,000;auto;Advarsel;0;0,600
2026-08-04T18:41:14;Kogekar;41,800;45,000;auto;Advarsel;0;0,600
2026-08-04T18:41:19;Kogekar;41,900;45,000;auto;Advarsel;0;0,600
2026-08-04T18:41:24;Kogekar;42,000;45,000;auto;Advarsel;0;0,600
2026-08-04T18:41:29;Kogekar;41,900;45,000;auto;Advarsel;0;0,600
2026-08-04T18:41:35;Kogekar;41,900;45,000;auto;Advarsel;0;0,600
2026-08-04T18:41:40;Kogekar;41,800;45,000;auto;Advarsel;0;0,600
2026-08-04T18:41:45;Kogekar;41,800;45,000;auto;Advarsel;0;0,600
2026-08-04T18:41:50;Kogekar;41,900;45,000;auto;Advarsel;0;0,600
2026-08-04T18:41:56;Kogekar;41,900;45,000;auto;Advarsel;0;0,600
2026-08-04T18:42:01;Kogekar;41,900;45,000;auto;Advarsel;0;0,600
2026-08-04T18:42:06;Kogekar;42,000;45,000;auto;Advarsel;0;0,600
2026-08-04T18:42:12;Kogekar;42,000;45,000;auto;Advarsel;0;0,600
2026-08-04T18:42:17;Kogekar;41,900;45,000;auto;Advarsel;0;0,600
2026-08-04T18:42:22;Kogekar;41,900;45,000;auto;Advarsel;0;0,600
2026-08-04T18:42:28;Kogekar;42,000;45,000;auto;Advarsel;0;0,600
2026-08-04T18:42:33;Kogekar;42,000;45,000;auto;Advarsel;0;0,600
2026-08-04T18:42:38;Kogekar;42,000;45,000;auto;Advarsel;0;0,600
2026-08-04T18:42:43;Kogekar;42,000;45,000;auto;Advarsel;0;0,600
2026-08-04T18:42:49;Kogekar;42,000;45,000;auto;Advarsel;0;0,600
2026-08-04T18:42:54;Kogekar;42,000;45,000;auto;Advarsel;0;0,600
2026-08-04T18:42:59;Kogekar;42,000;45,000;auto;Advarsel;0;0,600
2026-08-04T18:43:05;Kogekar;42,100;45,000;auto;Advarsel;0;0,600
2026-08-04T18:43:10;Kogekar;42,200;45,000;auto;Advarsel;0;0,600
2026-08-04T18:43:15;Kogekar;42,300;45,000;auto;Advarsel;0;0,600
2026-08-04T18:43:21;Kogekar;42,300;45,000;auto;Advarsel;0;0,600
2026-08-04T18:43:26;Kogekar;42,300;45,000;auto;Advarsel;0;0,600
2026-08-04T18:43:31;Kogekar;42,300;45,000;auto;Advarsel;0;0,600
2026-08-04T18:43:37;Kogekar;42,300;45,000;auto;Advarsel;0;0,600
2026-08-04T18:43:42;Kogekar;42,300;45,000;auto;Advarsel;0;0,600
2026-08-04T18:43:47;Kogekar;42,300;45,000;auto;Advarsel;0;0,600
2026-08-04T18:43:52;Kogekar;42,300;45,000;auto;Advarsel;0;0,600
2026-08-04T18:43:58;Kogekar;42,400;45,000;auto;Advarsel;0;0,600
2026-08-04T18:44:03;Kogekar;42,400;45,000;auto;Advarsel;0;0,600
2026-08-04T18:44:08;Kogekar;42,400;45,000;auto;Advarsel;0;0,600
2026-08-04T18:44:13;Kogekar;42,400;45,000;auto;Advarsel;0;0,600
2026-08-04T18:44:19;Kogekar;42,500;45,000;auto;Advarsel;0;0,600
2026-08-04T18:44:24;Kogekar;42,500;45,000;auto;Advarsel;0;0,600
2026-08-04T18:44:29;Kogekar;42,500;45,000;auto;Advarsel;0;0,600
2026-08-04T18:44:34;Kogekar;42,400;45,000;auto;Advarsel;0;0,600
2026-08-04T18:44:39;Kogekar;42,500;45,000;auto;Advarsel;0;0,600
2026-08-04T18:44:45;Kogekar;42,400;45,000;auto;Advarsel;0;0,600
2026-08-04T18:44:50;Kogekar;42,500;45,000;auto;Advarsel;0;0,600
2026-08-04T18:44:55;Kogekar;42,600;45,000;auto;Advarsel;0;0,600
2026-08-04T18:45:00;Kogekar;42,600;45,000;auto;Advarsel;0;0,600
2026-08-04T18:45:05;Kogekar;42,600;45,000;auto;Advarsel;0;0,600
2026-08-04T18:45:11;Kogekar;42,500;45,000;auto;Advarsel;0;0,600
2026-08-04T18:45:16;Kogekar;42,500;45,000;auto;Advarsel;0;0,600
2026-08-04T18:45:21;Kogekar;42,500;45,000;auto;Advarsel;0;0,600
2026-08-04T18:45:26;Kogekar;42,500;45,000;auto;Advarsel;0;0,600
2026-08-04T18:45:32;Kogekar;42,500;45,000;auto;Advarsel;0;0,600
2026-08-04T18:45:37;Kogekar;42,500;45,000;auto;Advarsel;0;0,600
2026-08-04T18:45:42;Kogekar;42,500;45,000;auto;Advarsel;0;0,600
2026-08-04T18:45:47;Kogekar;42,500;45,000;auto;Advarsel;0;0,600
2026-08-04T18:45:53;Kogekar;42,500;45,000;auto;Advarsel;0;0,600
2026-08-04T18:45:58;Kogekar;42,500;45,000;auto;Advarsel;0;0,600
2026-08-04T18:46:03;Kogekar;42,600;45,000;auto;Advarsel;0;0,600
2026-08-04T18:46:08;Kogekar;42,600;45,000;auto;Advarsel;0;0,600
2026-08-04T18:46:14;Kogekar;42,600;45,000;auto;Advarsel;0;0,600
2026-08-04T18:46:19;Kogekar;42,700;45,000;auto;Advarsel;0;0,500
2026-08-04T18:46:24;Kogekar;42,700;45,000;auto;Advarsel;0;0,500
2026-08-04T18:46:29;Kogekar;42,800;45,000;auto;Advarsel;0;0,500
2026-08-04T18:46:35;Kogekar;42,800;45,000;auto;Advarsel;0;0,500
2026-08-04T18:46:40;Kogekar;42,800;45,000;auto;Advarsel;0;0,500
2026-08-04T18:46:45;Kogekar;42,900;45,000;auto;Advarsel;0;0,500
2026-08-04T18:46:51;Kogekar;42,900;45,000;auto;Advarsel;0;0,500
2026-08-04T18:46:56;Kogekar;42,900;45,000;auto;Advarsel;0;0,500
2026-08-04T18:47:01;Kogekar;43,000;45,000;auto;Advarsel;0;0,500
2026-08-04T18:47:07;Kogekar;43,000;45,000;auto;Run;0;0,500
2026-08-04T18:47:12;Kogekar;42,900;45,000;auto;Advarsel;0;0,500
2026-08-04T18:47:17;Kogekar;42,900;45,000;auto;Advarsel;0;0,500
2026-08-04T18:47:22;Kogekar;42,900;45,000;auto;Advarsel;0;0,500
2026-08-04T18:47:28;Kogekar;42,900;45,000;auto;Advarsel;0;0,500
2026-08-04T18:47:33;Kogekar;42,900;45,000;auto;Advarsel;0;0,500
2026-08-04T18:47:38;Kogekar;43,000;45,000;auto;Run;0;0,500
2026-08-04T18:47:44;Kogekar;43,000;45,000;auto;Advarsel;0;0,500
2026-08-04T18:47:49;Kogekar;42,900;45,000;auto;Advarsel;0;0,500
2026-08-04T18:47:54;Kogekar;42,900;45,000;auto;Advarsel;0;0,500
2026-08-04T18:47:59;Kogekar;42,900;45,000;auto;Advarsel;0;0,500
2026-08-04T18:48:04;Kogekar;43,100;45,000;auto;Run;0;0,500
2026-08-04T18:48:10;Kogekar;43,000;45,000;auto;Run;0;0,500
2026-08-04T18:48:15;Kogekar;43,000;45,000;auto;Run;0;0,500
2026-08-04T18:48:20;Kogekar;43,000;45,000;auto;Run;0;0,500
2026-08-04T18:48:25;Kogekar;43,100;45,000;auto;Run;0;0,500
2026-08-04T18:48:31;Kogekar;43,200;45,000;auto;Run;0;0,500
2026-08-04T18:48:36;Kogekar;43,200;45,000;auto;Run;0;0,500
2026-08-04T18:48:41;Kogekar;43,200;45,000;auto;Run;0;0,500
2026-08-04T18:48:46;Kogekar;43,100;45,000;auto;Run;0;0,500
2026-08-04T18:48:52;Kogekar;43,100;45,000;auto;Run;0;0,500
2026-08-04T18:48:57;Kogekar;43,100;45,000;auto;Run;0;0,500
2026-08-04T18:49:02;Kogekar;43,000;45,000;auto;Run;0;0,500
2026-08-04T18:49:07;Kogekar;43,000;45,000;auto;Run;0;0,500
2026-08-04T18:49:13;Kogekar;43,100;45,000;auto;Run;0;0,500
2026-08-04T18:49:18;Kogekar;43,200;45,000;auto;Run;0;0,500
2026-08-04T18:49:23;Kogekar;43,200;45,000;auto;Run;0;0,500
2026-08-04T18:49:28;Kogekar;43,200;45,000;auto;Run;0;0,500
2026-08-04T18:49:33;Kogekar;43,200;45,000;auto;Run;0;0,500
2026-08-04T18:49:39;Kogekar;43,200;45,000;auto;Run;0;0,500
2026-08-04T18:49:44;Kogekar;43,300;45,000;auto;Run;0;0,500
2026-08-04T18:49:49;Kogekar;43,300;45,000;auto;Run;0;0,500
2026-08-04T18:49:54;Kogekar;43,300;45,000;auto;Run;0;0,500
2026-08-04T18:50:00;Kogekar;43,300;45,000;auto;Run;0;0,500
2026-08-04T18:50:05;Kogekar;43,300;45,000;auto;Run;0;0,500
2026-08-04T18:50:10;Kogekar;43,300;45,000;auto;Run;0;0,500
2026-08-04T18:50:15;Kogekar;43,300;45,000;auto;Run;0;0,500
2026-08-04T18:50:20;Kogekar;43,300;45,000;auto;Run;0;0,500
2026-08-04T18:50:26;Kogekar;43,300;45,000;auto;Run;0;0,500
2026-08-04T18:50:31;Kogekar;43,300;45,000;auto;Run;0;0,500
2026-08-04T18:50:36;Kogekar;43,300;45,000;auto;Run;0;0,500
2026-08-04T18:50:41;Kogekar;43,400;45,000;auto;Run;0;0,500
2026-08-04T18:50:47;Kogekar;43,500;45,000;auto;Run;0;0,500
2026-08-04T18:50:52;Kogekar;43,500;45,000;auto;Run;0;0,500
2026-08-04T18:50:57;Kogekar;43,500;45,000;auto;Run;0;0,500
2026-08-04T18:51:03;Kogekar;43,500;45,000;auto;Run;0;0,500
2026-08-04T18:51:08;Kogekar;43,500;45,000;auto;Run;0;0,500
2026-08-04T18:51:13;Kogekar;43,500;45,000;auto;Run;0;0,500
2026-08-04T18:51:18;Kogekar;43,500;45,000;auto;Run;0;0,500
2026-08-04T18:51:24;Kogekar;43,400;45,000;auto;Run;0;0,500
2026-08-04T18:51:29;Kogekar;43,400;45,000;auto;Run;0;0,500
2026-08-04T18:51:34;Kogekar;43,400;45,000;auto;Run;0;0,500
2026-08-04T18:51:40;Kogekar;43,400;45,000;auto;Run;0;0,500
2026-08-04T18:51:45;Kogekar;43,400;45,000;auto;Run;0;0,500
2026-08-04T18:51:50;Kogekar;43,400;45,000;auto;Run;0;0,500
2026-08-04T18:51:56;Kogekar;43,500;45,000;auto;Run;0;0,500
2026-08-04T18:52:01;Kogekar;43,500;45,000;auto;Run;0;0,500
2026-08-04T18:52:06;Kogekar;43,500;45,000;auto;Run;0;0,500
2026-08-04T18:52:12;Kogekar;43,500;45,000;auto;Run;0;0,500
2026-08-04T18:52:17;Kogekar;43,600;45,000;auto;Run;0;0,500
2026-08-04T18:52:22;Kogekar;43,600;45,000;auto;Run;0;0,500
2026-08-04T18:52:27;Kogekar;43,600;45,000;auto;Run;0;0,500
2026-08-04T18:52:32;Kogekar;43,600;45,000;auto;Run;0;0,500
2026-08-04T18:52:38;Kogekar;43,700;45,000;auto;Run;0;0,500
2026-08-04T18:52:43;Kogekar;43,600;45,000;auto;Run;0;0,500
2026-08-04T18:52:48;Kogekar;43,700;45,000;auto;Run;0;0,400
2026-08-04T18:52:53;Kogekar;43,700;45,000;auto;Run;0;0,500
2026-08-04T18:52:58;Kogekar;43,700;45,000;auto;Run;0;0,400
2026-08-04T18:53:04;Kogekar;43,700;45,000;auto;Run;0;0,500
2026-08-04T18:53:09;Kogekar;43,700;45,000;auto;Run;0;0,500
2026-08-04T18:53:14;Kogekar;43,700;45,000;auto;Run;0;0,500
2026-08-04T18:53:19;Kogekar;43,700;45,000;auto;Run;0;0,500
2026-08-04T18:53:25;Kogekar;43,600;45,000;auto;Run;0;0,500
2026-08-04T18:53:30;Kogekar;43,600;45,000;auto;Run;0;0,500
2026-08-04T18:53:35;Kogekar;43,700;45,000;auto;Run;0;0,400
2026-08-04T18:53:40;Kogekar;43,800;45,000;auto;Run;0;0,400
2026-08-04T18:53:46;Kogekar;43,900;45,000;auto;Run;0;0,400
2026-08-04T18:53:51;Kogekar;43,900;45,000;auto;Run;0;0,400
2026-08-04T18:53:56;Kogekar;43,800;45,000;auto;Run;0;0,400
2026-08-04T18:54:01;Kogekar;43,800;45,000;auto;Run;0;0,400
2026-08-04T18:54:07;Kogekar;43,700;45,000;auto;Run;0;0,400
2026-08-04T18:54:12;Kogekar;43,700;45,000;auto;Run;0;0,400
2026-08-04T18:54:17;Kogekar;43,800;45,000;auto;Run;0;0,400
2026-08-04T18:54:22;Kogekar;43,800;45,000;auto;Run;0;0,400
2026-08-04T18:54:27;Kogekar;43,800;45,000;auto;Run;0;0,400
2026-08-04T18:54:33;Kogekar;43,800;45,000;auto;Run;0;0,400
2026-08-04T18:54:38;Kogekar;43,900;45,000;auto;Run;0;0,400
2026-08-04T18:54:43;Kogekar;43,900;45,000;auto;Run;0;0,400
2026-08-04T18:54:48;Kogekar;43,900;45,000;auto;Run;0;0,400
2026-08-04T18:54:54;Kogekar;43,900;45,000;auto;Run;0;0,400
2026-08-04T18:54:59;Kogekar;43,900;45,000;auto;Run;0;0,400
2026-08-04T18:55:04;Kogekar;43,900;45,000;auto;Run;0;0,400
2026-08-04T18:55:09;Kogekar;44,000;45,000;auto;Run;0;0,400
2026-08-04T18:55:15;Kogekar;44,000;45,000;auto;Run;0;0,400
2026-08-04T18:55:20;Kogekar;44,000;45,000;auto;Run;0;0,400
2026-08-04T18:55:25;Kogekar;43,900;45,000;auto;Run;0;0,400
2026-08-04T18:55:30;Kogekar;44,000;45,000;auto;Run;0;0,400
2026-08-04T18:55:36;Kogekar;44,000;45,000;auto;Run;0;0,400
2026-08-04T18:55:41;Kogekar;44,000;45,000;auto;Run;0;0,400
2026-08-04T18:55:46;Kogekar;43,900;45,000;auto;Run;0;0,400
2026-08-04T18:55:52;Kogekar;44,000;45,000;auto;Run;0;0,400
2026-08-04T18:55:57;Kogekar;44,000;45,000;auto;Run;0;0,400
2026-08-04T18:56:02;Kogekar;44,000;45,000;auto;Run;0;0,400
2026-08-04T18:56:07;Kogekar;44,000;45,000;auto;Run;0;0,400
2026-08-04T18:56:13;Kogekar;44,000;45,000;auto;Run;0;0,400
2026-08-04T18:56:18;Kogekar;44,000;45,000;auto;Run;0;0,400
2026-08-04T18:56:23;Kogekar;44,000;45,000;auto;Run;0;0,400
2026-08-04T18:56:28;Kogekar;44,000;45,000;auto;Run;0;0,400
2026-08-04T18:56:34;Kogekar;44,000;45,000;auto;Run;0;0,400
2026-08-04T18:56:39;Kogekar;44,000;45,000;auto;Run;0;0,400
2026-08-04T18:56:44;Kogekar;44,000;45,000;auto;Run;0;0,400
2026-08-04T18:56:50;Kogekar;44,000;45,000;auto;Run;0;0,400
2026-08-04T18:56:55;Kogekar;44,000;45,000;auto;Run;0;0,400
2026-08-04T18:57:00;Kogekar;44,000;45,000;auto;Run;0;0,400
2026-08-04T18:57:05;Kogekar;44,000;45,000;auto;Run;0;0,400
2026-08-04T18:57:10;Kogekar;44,100;45,000;auto;Run;0;0,400
2026-08-04T18:57:16;Kogekar;44,100;45,000;auto;Run;0;0,400
2026-08-04T18:57:21;Kogekar;44,100;45,000;auto;Run;0;0,400
2026-08-04T18:57:26;Kogekar;44,100;45,000;auto;Run;0;0,400
2026-08-04T18:57:31;Kogekar;44,100;45,000;auto;Run;0;0,400
2026-08-04T18:57:37;Kogekar;44,100;45,000;auto;Run;0;0,400
2026-08-04T18:57:42;Kogekar;44,100;45,000;auto;Run;0;0,400
2026-08-04T18:57:47;Kogekar;44,100;45,000;auto;Run;0;0,400
2026-08-04T18:57:52;Kogekar;44,100;45,000;auto;Run;0;0,400
2026-08-04T18:57:58;Kogekar;44,100;45,000;auto;Run;0;0,400
2026-08-04T18:58:03;Kogekar;44,200;45,000;auto;Run;0;0,400
2026-08-04T18:58:08;Kogekar;44,200;45,000;auto;Run;0;0,400
2026-08-04T18:58:13;Kogekar;44,200;45,000;auto;Run;0;0,400
2026-08-04T18:58:18;Kogekar;44,200;45,000;auto;Run;0;0,400
2026-08-04T18:58:24;Kogekar;44,200;45,000;auto;Run;0;0,400
2026-08-04T18:58:29;Kogekar;44,200;45,000;auto;Run;0;0,400
2026-08-04T18:58:34;Kogekar;44,200;45,000;auto;Run;0;0,400
2026-08-04T18:58:39;Kogekar;44,300;45,000;auto;Run;0;0,400
2026-08-04T18:58:44;Kogekar;44,300;45,000;auto;Run;0;0,400
2026-08-04T18:58:50;Kogekar;44,300;45,000;auto;Run;0;0,400
2026-08-04T18:58:55;Kogekar;44,300;45,000;auto;Run;0;0,400
2026-08-04T18:59:00;Kogekar;44,300;45,000;auto;Run;0;0,400
2026-08-04T18:59:05;Kogekar;44,300;45,000;auto;Run;0;0,400
2026-08-04T18:59:11;Kogekar;44,300;45,000;auto;Run;0;0,400
2026-08-04T18:59:16;Kogekar;44,300;45,000;auto;Run;0;0,400
2026-08-04T18:59:21;Kogekar;44,300;45,000;auto;Run;0;0,400
2026-08-04T18:59:26;Kogekar;44,300;45,000;auto;Run;0;0,400
2026-08-04T18:59:32;Kogekar;44,300;45,000;auto;Run;0;0,400
2026-08-04T18:59:37;Kogekar;44,400;45,000;auto;Run;0;0,400
2026-08-04T18:59:42;Kogekar;44,500;45,000;auto;Run;0;0,400
2026-08-04T18:59:48;Kogekar;44,500;45,000;auto;Run;0;0,400
2026-08-04T18:59:53;Kogekar;44,400;45,000;auto;Run;0;0,400
2026-08-04T18:59:58;Kogekar;44,500;45,000;auto;Run;0;0,400
2026-08-04T19:00:03;Kogekar;44,500;45,000;auto;Run;0;0,400
2026-08-04T19:00:09;Kogekar;44,400;45,000;auto;Run;0;0,400
2026-08-04T19:00:14;Kogekar;44,500;45,000;auto;Run;0;0,400
2026-08-04T19:00:19;Kogekar;44,400;45,000;auto;Run;0;0,400
2026-08-04T19:00:25;Kogekar;44,400;45,000;auto;Run;0;0,400
2026-08-04T19:00:30;Kogekar;44,400;45,000;auto;Run;0;0,400
2026-08-04T19:00:35;Kogekar;44,400;45,000;auto;Run;0;0,400
2026-08-04T19:00:41;Kogekar;44,500;45,000;auto;Run;0;0,400
2026-08-04T19:00:46;Kogekar;44,400;45,000;auto;Run;0;0,400
2026-08-04T19:00:51;Kogekar;44,400;45,000;auto;Run;0;0,400
2026-08-04T19:00:57;Kogekar;44,400;45,000;auto;Run;0;0,400
2026-08-04T19:01:02;Kogekar;44,400;45,000;auto;Run;0;0,400
2026-08-04T19:01:07;Kogekar;44,400;45,000;auto;Run;0;0,400
2026-08-04T19:01:12;Kogekar;44,400;45,000;auto;Run;0;0,400
2026-08-04T19:01:17;Kogekar;44,400;45,000;auto;Run;0;0,400
2026-08-04T19:01:23;Kogekar;44,400;45,000;auto;Run;0;0,400
2026-08-04T19:01:28;Kogekar;44,400;45,000;auto;Run;0;0,400
2026-08-04T19:01:33;Kogekar;44,400;45,000;auto;Run;0;0,400
2026-08-04T19:01:38;Kogekar;44,400;45,000;auto;Run;0;0,400
2026-08-04T19:01:44;Kogekar;44,500;45,000;auto;Run;0;0,400
2026-08-04T19:01:49;Kogekar;44,500;45,000;auto;Run;0;0,400
2026-08-04T19:01:54;Kogekar;44,500;45,000;auto;Run;0;0,400
2026-08-04T19:01:59;Kogekar;44,500;45,000;auto;Run;0;0,400
2026-08-04T19:02:04;Kogekar;44,500;45,000;auto;Run;0;0,400
2026-08-04T19:02:10;Kogekar;44,500;45,000;auto;Run;0;0,400
2026-08-04T19:02:15;Kogekar;44,500;45,000;auto;Run;0;0,400
2026-08-04T19:02:20;Kogekar;44,600;45,000;auto;Run;0;0,400
2026-08-04T19:02:25;Kogekar;44,600;45,000;auto;Run;0;0,400
2026-08-04T19:02:30;Kogekar;44,600;45,000;auto;Run;0;0,400
2026-08-04T19:02:36;Kogekar;44,600;45,000;auto;Run;0;0,400
2026-08-04T19:02:41;Kogekar;44,600;45,000;auto;Run;0;0,400
2026-08-04T19:02:46;Kogekar;44,600;45,000;auto;Run;0;0,400
2026-08-04T19:02:51;Kogekar;44,600;45,000;auto;Run;0;0,400
2026-08-04T19:02:57;Kogekar;44,600;45,000;auto;Run;0;0,400
2026-08-04T19:03:02;Kogekar;44,600;45,000;auto;Run;0;0,400
2026-08-04T19:03:08;Kogekar;44,600;45,000;auto;Run;0;0,400
2026-08-04T19:03:13;Kogekar;44,600;45,000;auto;Run;0;0,400
2026-08-04T19:03:18;Kogekar;44,600;45,000;auto;Run;0;0,400
2026-08-04T19:03:24;Kogekar;44,600;45,000;auto;Run;0;0,400
2026-08-04T19:03:29;Kogekar;44,600;45,000;auto;Run;0;0,400
2026-08-04T19:03:34;Kogekar;44,600;45,000;auto;Run;0;0,400
2026-08-04T19:03:39;Kogekar;44,600;45,000;auto;Run;0;0,400
2026-08-04T19:03:45;Kogekar;44,600;45,000;auto;Run;0;0,400
2026-08-04T19:03:50;Kogekar;44,700;45,000;auto;Run;0;0,400
2026-08-04T19:03:55;Kogekar;44,700;45,000;auto;Run;0;0,400
2026-08-04T19:04:00;Kogekar;44,700;45,000;auto;Run;0;0,400
2026-08-04T19:04:06;Kogekar;44,700;45,000;auto;Run;0;0,400
2026-08-04T19:04:11;Kogekar;44,700;45,000;auto;Run;0;0,400
2026-08-04T19:04:16;Kogekar;44,800;45,000;auto;Run;0;0,400
2026-08-04T19:04:22;Kogekar;44,700;45,000;auto;Run;0;0,400
2026-08-04T19:04:27;Kogekar;44,700;45,000;auto;Run;0;0,400
2026-08-04T19:04:32;Kogekar;44,700;45,000;auto;Run;0;0,400
2026-08-04T19:04:38;Kogekar;44,600;45,000;auto;Run;0;0,400
2026-08-04T19:04:43;Kogekar;44,700;45,000;auto;Run;0;0,400
2026-08-04T19:04:48;Kogekar;44,700;45,000;auto;Run;0;0,400
2026-08-04T19:04:54;Kogekar;44,700;45,000;auto;Run;0;0,400
2026-08-04T19:04:59;Kogekar;44,700;45,000;auto;Run;0;0,400
2026-08-04T19:05:04;Kogekar;44,700;45,000;auto;Run;0;0,400
2026-08-04T19:05:09;Kogekar;44,700;45,000;auto;Run;0;0,400
2026-08-04T19:05:14;Kogekar;44,700;45,000;auto;Run;0;0,400
2026-08-04T19:05:20;Kogekar;44,700;45,000;auto;Run;0;0,400
2026-08-04T19:05:25;Kogekar;44,700;45,000;auto;Run;0;0,400
2026-08-04T19:05:30;Kogekar;44,700;45,000;auto;Run;0;0,400
2026-08-04T19:05:35;Kogekar;44,700;45,000;auto;Run;0;0,400
2026-08-04T19:05:40;Kogekar;44,700;45,000;auto;Run;0;0,400
2026-08-04T19:05:45;Kogekar;44,700;45,000;auto;Run;0;0,400
2026-08-04T19:05:50;Kogekar;44,800;45,000;auto;Run;0;0,400
2026-08-04T19:05:56;Kogekar;44,800;45,000;auto;Run;1;0,400
2026-08-04T19:06:01;Kogekar;44,800;45,000;auto;Run;1;0,300
2026-08-04T19:06:06;Kogekar;44,800;45,000;auto;Run;1;0,300
2026-08-04T19:06:12;Kogekar;44,900;45,000;auto;Run;0;0,300
2026-08-04T19:06:17;Kogekar;44,800;45,000;auto;Run;0;0,300
2026-08-04T19:06:22;Kogekar;44,800;45,000;auto;Run;0;0,300
2026-08-04T19:06:27;Kogekar;44,900;45,000;auto;Run;0;0,300
2026-08-04T19:06:33;Kogekar;44,900;45,000;auto;Run;0;0,300
2026-08-04T19:06:38;Kogekar;44,900;45,000;auto;Run;0;0,300
2026-08-04T19:06:43;Kogekar;44,900;45,000;auto;Run;0;0,300
2026-08-04T19:06:48;Kogekar;44,900;45,000;auto;Run;0;0,300
2026-08-04T19:06:54;Kogekar;44,900;45,000;auto;Run;0;0,300
2026-08-04T19:06:59;Kogekar;44,900;45,000;auto;Run;0;0,300
2026-08-04T19:07:04;Kogekar;44,900;45,000;auto;Run;0;0,300
2026-08-04T19:07:09;Kogekar;44,900;45,000;auto;Run;0;0,300
2026-08-04T19:07:14;Kogekar;45,000;45,000;auto;Run;0;0,300
2026-08-04T19:07:20;Kogekar;44,900;45,000;auto;Run;0;0,300
2026-08-04T19:07:25;Kogekar;44,900;45,000;auto;Run;0;0,300
2026-08-04T19:07:30;Kogekar;45,000;45,000;auto;Run;0;0,300
2026-08-04T19:07:35;Kogekar;45,000;45,000;auto;Run;0;0,000
2026-08-04T19:07:40;Kogekar;45,000;45,000;auto;Run;0;0,300
2026-08-04T19:07:46;Kogekar;45,000;45,000;auto;Run;0;0,300
2026-08-04T19:07:51;Kogekar;45,000;45,000;auto;Run;0;0,000
2026-08-04T19:07:56;Kogekar;45,000;45,000;auto;Run;0;0,300
2026-08-04T19:08:01;Kogekar;45,000;45,000;auto;Run;0;0,000
2026-08-04T19:08:07;Kogekar;45,100;45,000;auto;Run;0;0,000
2026-08-04T19:08:12;Kogekar;45,000;45,000;auto;Run;0;0,000
2026-08-04T19:08:17;Kogekar;45,100;45,000;auto;Run;0;0,000
2026-08-04T19:08:23;Kogekar;45,100;45,000;auto;Run;0;0,000
2026-08-04T19:08:28;Kogekar;45,100;45,000;auto;Run;0;0,000
2026-08-04T19:08:33;Kogekar;45,100;45,000;auto;Run;0;0,000
2026-08-04T19:08:39;Kogekar;45,100;45,000;auto;Run;0;0,000
2026-08-04T19:08:44;Kogekar;45,200;45,000;auto;Run;0;0,000
2026-08-04T19:08:49;Kogekar;45,300;45,000;auto;Run;0;0,000
2026-08-04T19:08:55;Kogekar;45,200;45,000;auto;Run;0;0,000
2026-08-04T19:09:00;Kogekar;45,200;45,000;auto;Run;0;0,000
2026-08-04T19:09:05;Kogekar;45,200;45,000;auto;Run;0;0,000
2026-08-04T19:09:10;Kogekar;45,200;45,000;auto;Run;0;0,000
2026-08-04T19:09:16;Kogekar;45,200;45,000;auto;Run;0;0,000
2026-08-04T19:09:21;Kogekar;45,100;45,000;auto;Run;0;0,000
2026-08-04T19:09:26;Kogekar;45,100;45,000;auto;Run;0;0,000
2026-08-04T19:09:31;Kogekar;45,100;45,000;auto;Run;0;0,000
2026-08-04T19:09:36;Kogekar;45,100;45,000;auto;Run;0;0,000
2026-08-04T19:09:42;Kogekar;45,100;45,000;auto;Run;0;0,000
2026-08-04T19:09:47;Kogekar;45,100;45,000;auto;Run;0;0,000
2026-08-04T19:09:52;Kogekar;45,100;45,000;auto;Run;0;0,000
2026-08-04T19:09:57;Kogekar;45,100;45,000;auto;Run;0;0,000
2026-08-04T19:10:03;Kogekar;45,100;45,000;auto;Run;0;0,000
2026-08-04T19:10:08;Kogekar;45,100;45,000;auto;Run;0;0,000
2026-08-04T19:10:13;Kogekar;45,100;45,000;auto;Run;0;0,000
2026-08-04T19:10:18;Kogekar;45,100;45,000;auto;Run;0;0,000
2026-08-04T19:10:23;Kogekar;45,100;45,000;auto;Run;0;0,000
2026-08-04T19:10:28;Kogekar;45,100;45,000;auto;Run;0;0,000
2026-08-04T19:10:34;Kogekar;45,100;45,000;auto;Run;0;0,000
2026-08-04T19:10:39;Kogekar;45,100;45,000;auto;Run;0;0,000
2026-08-04T19:10:44;Kogekar;45,100;45,000;auto;Run;0;0,000
2026-08-04T19:10:49;Kogekar;45,100;45,000;auto;Run;0;0,000
2026-08-04T19:10:55;Kogekar;45,100;45,000;auto;Run;0;0,000
2026-08-04T19:11:00;Kogekar;45,100;45,000;auto;Run;0;0,000
2026-08-04T19:11:05;Kogekar;45,100;45,000;auto;Run;0;0,000
2026-08-04T19:11:10;Kogekar;45,100;45,000;auto;Run;0;0,000
2026-08-04T19:11:16;Kogekar;45,100;45,000;auto;Run;0;0,000
2026-08-04T19:11:21;Kogekar;45,100;45,000;auto;Run;0;0,000
2026-08-04T19:11:26;Kogekar;45,100;45,000;auto;Run;0;0,000
2026-08-04T19:11:31;Kogekar;45,200;45,000;auto;Run;0;0,000
2026-08-04T19:11:37;Kogekar;45,200;45,000;auto;Run;0;0,000
2026-08-04T19:11:42;Kogekar;45,200;45,000;auto;Run;0;0,000
2026-08-04T19:11:47;Kogekar;45,200;45,000;auto;Run;0;0,000
2026-08-04T19:11:52;Kogekar;45,200;45,000;auto;Run;0;0,000
2026-08-04T19:11:58;Kogekar;45,200;45,000;auto;Run;0;0,000
2026-08-04T19:12:03;Kogekar;45,200;45,000;auto;Run;0;0,000
2026-08-04T19:12:08;Kogekar;45,200;45,000;auto;Run;0;0,000
2026-08-04T19:12:13;Kogekar;45,200;45,000;auto;Run;0;0,000
2026-08-04T19:12:19;Kogekar;45,200;45,000;auto;Run;0;0,000
2026-08-04T19:12:24;Kogekar;45,200;45,000;auto;Run;0;0,000
2026-08-04T19:12:29;Kogekar;45,200;45,000;auto;Run;0;0,000
2026-08-04T19:12:34;Kogekar;45,200;45,000;auto;Run;0;0,000
2026-08-04T19:12:40;Kogekar;45,200;45,000;auto;Run;0;0,000
2026-08-04T19:12:45;Kogekar;45,200;45,000;auto;Run;0;0,000
2026-08-04T19:12:50;Kogekar;45,200;45,000;auto;Run;0;0,000
2026-08-04T19:12:55;Kogekar;45,200;45,000;auto;Run;0;0,000
2026-08-04T19:13:01;Kogekar;45,200;45,000;auto;Run;0;0,000
2026-08-04T19:13:06;Kogekar;45,200;45,000;auto;Run;0;0,000
2026-08-04T19:13:11;Kogekar;45,300;45,000;auto;Run;0;0,000
2026-08-04T19:13:17;Kogekar;45,300;45,000;auto;Run;0;0,000
2026-08-04T19:13:22;Kogekar;45,300;45,000;auto;Run;0;0,000
2026-08-04T19:13:27;Kogekar;45,300;45,000;auto;Run;0;0,000
2026-08-04T19:13:32;Kogekar;45,300;45,000;auto;Run;0;0,000
2026-08-04T19:13:38;Kogekar;45,300;45,000;auto;Run;0;0,000
2026-08-04T19:13:43;Kogekar;45,300;45,000;auto;Run;0;0,000
2026-08-04T19:13:48;Kogekar;45,300;45,000;auto;Run;0;0,000
2026-08-04T19:13:54;Kogekar;45,300;45,000;auto;Run;0;0,000
2026-08-04T19:13:59;Kogekar;45,300;45,000;auto;Run;0;0,000
2026-08-04T19:14:04;Kogekar;45,300;45,000;auto;Run;0;0,000
2026-08-04T19:14:09;Kogekar;45,300;45,000;auto;Run;0;0,000
2026-08-04T19:14:15;Kogekar;45,400;45,000;auto;Run;0;0,000
2026-08-04T19:14:20;Kogekar;45,400;45,000;auto;Run;0;0,000
2026-08-04T19:14:25;Kogekar;45,400;45,000;auto;Run;0;0,000
2026-08-04T19:14:30;Kogekar;45,400;45,000;auto;Run;0;0,000
2026-08-04T19:14:36;Kogekar;45,500;45,000;auto;Run;0;0,000
2026-08-04T19:14:41;Kogekar;45,400;45,000;auto;Run;0;0,000
2026-08-04T19:14:46;Kogekar;45,400;45,000;auto;Run;0;0,000
2026-08-04T19:14:51;Kogekar;45,400;45,000;auto;Run;0;0,000
2026-08-04T19:14:57;Kogekar;45,400;45,000;auto;Run;0;0,000
2026-08-04T19:15:02;Kogekar;45,300;45,000;auto;Run;0;0,000
2026-08-04T19:15:07;Kogekar;45,300;45,000;auto;Run;0;0,000
2026-08-04T19:15:12;Kogekar;45,300;45,000;auto;Run;0;0,000
2026-08-04T19:15:17;Kogekar;45,300;45,000;auto;Run;0;0,000
2026-08-04T19:15:23;Kogekar;45,300;45,000;auto;Run;0;0,000
2026-08-04T19:15:28;Kogekar;45,300;45,000;auto;Run;0;0,000
2026-08-04T19:15:33;Kogekar;45,300;45,000;auto;Run;0;0,000
2026-08-04T19:15:38;Kogekar;45,300;45,000;auto;Run;0;0,000
2026-08-04T19:15:44;Kogekar;45,300;45,000;auto;Run;0;0,000
2026-08-04T19:15:49;Kogekar;45,300;45,000;auto;Run;0;0,000
2026-08-04T19:15:54;Kogekar;45,300;45,000;auto;Run;0;0,000
2026-08-04T19:15:59;Kogekar;45,300;45,000;auto;Run;0;0,000
2026-08-04T19:16:05;Kogekar;45,300;45,000;auto;Run;0;0,000
2026-08-04T19:16:10;Kogekar;45,300;45,000;auto;Run;0;0,000
2026-08-04T19:16:15;Kogekar;45,300;45,000;auto;Run;0;0,000
2026-08-04T19:16:20;Kogekar;45,300;45,000;auto;Run;0;0,000
2026-08-04T19:16:26;Kogekar;45,300;45,000;auto;Run;0;0,000
2026-08-04T19:16:31;Kogekar;45,300;45,000;auto;Run;0;0,000
2026-08-04T19:16:36;Kogekar;45,300;45,000;auto;Run;0;0,000
2026-08-04T19:16:41;Kogekar;45,300;45,000;auto;Run;0;0,000
2026-08-04T19:16:47;Kogekar;45,400;45,000;auto;Run;0;0,000
2026-08-04T19:16:52;Kogekar;45,400;45,000;auto;Run;0;0,000
2026-08-04T19:16:57;Kogekar;45,400;45,000;auto;Run;0;0,000
2026-08-04T19:17:02;Kogekar;45,400;45,000;auto;Run;0;0,000
2026-08-04T19:17:08;Kogekar;45,400;45,000;auto;Run;0;0,000
2026-08-04T19:17:13;Kogekar;45,300;45,000;auto;Run;0;0,000
2026-08-04T19:17:18;Kogekar;45,400;45,000;auto;Run;0;0,000
2026-08-04T19:17:23;Kogekar;45,400;45,000;auto;Run;0;0,000
2026-08-04T19:17:29;Kogekar;45,400;45,000;auto;Run;0;0,000
2026-08-04T19:17:34;Kogekar;45,400;45,000;auto;Run;0;0,000
2026-08-04T19:17:40;Kogekar;45,400;45,000;auto;Run;0;0,000
2026-08-04T19:17:45;Kogekar;45,400;45,000;auto;Run;0;0,000
2026-08-04T19:17:51;Kogekar;45,400;45,000;auto;Run;0;0,000
2026-08-04T19:17:56;Kogekar;45,400;45,000;auto;Run;0;0,000
2026-08-04T19:18:01;Kogekar;45,400;45,000;auto;Run;0;0,000
2026-08-04T19:18:07;Kogekar;45,400;45,000;auto;Run;0;0,000
2026-08-04T19:18:12;Kogekar;45,400;45,000;auto;Run;0;0,000
2026-08-04T19:18:17;Kogekar;45,400;45,000;auto;Run;0;0,000
2026-08-04T19:18:23;Kogekar;45,400;45,000;auto;Run;0;0,000
2026-08-04T19:18:28;Kogekar;45,400;45,000;auto;Run;0;0,000
2026-08-04T19:18:33;Kogekar;45,400;45,000;auto;Run;0;0,000
2026-08-04T19:18:39;Kogekar;45,400;45,000;auto;Run;0;0,000
2026-08-04T19:18:44;Kogekar;45,500;45,000;auto;Run;0;0,000
2026-08-04T19:18:49;Kogekar;45,500;45,000;auto;Run;0;0,000
2026-08-04T19:18:54;Kogekar;45,500;45,000;auto;Run;0;0,000
2026-08-04T19:19:00;Kogekar;45,500;45,000;auto;Run;0;0,000
2026-08-04T19:19:05;Kogekar;45,500;45,000;auto;Run;0;0,000
2026-08-04T19:19:10;Kogekar;45,500;45,000;auto;Run;0;0,000
2026-08-04T19:19:15;Kogekar;45,500;45,000;auto;Run;0;0,000
2026-08-04T19:19:21;Kogekar;45,500;45,000;auto;Run;0;0,000
2026-08-04T19:19:26;Kogekar;45,500;45,000;auto;Run;0;0,000
2026-08-04T19:19:31;Kogekar;45,400;45,000;auto;Run;0;0,000
2026-08-04T19:19:36;Kogekar;45,400;45,000;auto;Run;0;0,000
2026-08-04T19:19:41;Kogekar;45,400;45,000;auto;Run;0;0,000
2026-08-04T19:19:47;Kogekar;45,400;45,000;auto;Run;0;0,000
2026-08-04T19:19:52;Kogekar;45,400;45,000;auto;Run;0;0,000
2026-08-04T19:19:57;Kogekar;45,400;45,000;auto;Run;0;0,000
2026-08-04T19:20:02;Kogekar;45,400;45,000;auto;Run;0;0,000
2026-08-04T19:20:08;Kogekar;45,400;45,000;auto;Run;0;0,000
2026-08-04T19:20:13;Kogekar;45,500;45,000;auto;Run;0;0,000
2026-08-04T19:20:18;Kogekar;45,500;45,000;auto;Run;0;0,000
2026-08-04T19:20:23;Kogekar;45,500;45,000;auto;Run;0;0,000
2026-08-04T19:20:28;Kogekar;45,500;45,000;auto;Run;0;0,000
2026-08-04T19:20:34;Kogekar;45,500;45,000;auto;Run;0;0,000
2026-08-04T19:20:39;Kogekar;45,400;45,000;auto;Run;0;0,000
2026-08-04T19:20:44;Kogekar;45,400;45,000;auto;Run;0;0,000
2026-08-04T19:20:49;Kogekar;45,400;45,000;auto;Run;0;0,000
2026-08-04T19:20:55;Kogekar;45,400;45,000;auto;Run;0;0,000
2026-08-04T19:21:00;Kogekar;45,400;45,000;auto;Run;0;0,000
2026-08-04T19:21:05;Kogekar;45,400;45,000;auto;Run;0;0,000
2026-08-04T19:21:10;Kogekar;45,400;45,000;auto;Run;0;0,000
2026-08-04T19:21:15;Kogekar;45,400;45,000;auto;Run;0;0,000
2026-08-04T19:21:21;Kogekar;45,400;45,000;auto;Run;0;0,000
2026-08-04T19:21:26;Kogekar;45,400;45,000;auto;Run;0;0,000
2026-08-04T19:21:31;Kogekar;45,400;45,000;auto;Run;0;0,000
2026-08-04T19:21:36;Kogekar;45,400;45,000;auto;Run;0;0,000
2026-08-04T19:21:41;Kogekar;45,400;45,000;auto;Run;0;0,000
2026-08-04T19:21:47;Kogekar;45,400;45,000;auto;Run;0;0,000
2026-08-04T19:21:52;Kogekar;45,400;45,000;auto;Run;0;0,000
2026-08-04T19:21:57;Kogekar;45,400;45,000;auto;Run;0;0,000
2026-08-04T19:22:02;Kogekar;45,400;45,000;auto;Run;0;0,000
2026-08-04T19:22:08;Kogekar;45,400;45,000;auto;Run;0;0,000
2026-08-04T19:22:13;Kogekar;45,400;45,000;auto;Run;0;0,000
2026-08-04T19:22:18;Kogekar;45,400;45,000;auto;Run;0;0,000
2026-08-04T19:22:24;Kogekar;45,400;45,000;auto;Run;0;0,000
2026-08-04T19:22:29;Kogekar;45,400;45,000;auto;Run;0;0,000
2026-08-04T19:22:34;Kogekar;45,400;45,000;auto;Run;0;0,000
2026-08-04T19:22:40;Kogekar;45,400;45,000;auto;Run;0;0,000
2026-08-04T19:22:45;Kogekar;45,400;45,000;auto;Run;0;0,000
2026-08-04T19:22:50;Kogekar;45,400;45,000;auto;Run;0;0,000
2026-08-04T19:22:55;Kogekar;45,400;45,000;auto;Run;0;0,000
2026-08-04T19:23:01;Kogekar;45,400;45,000;auto;Run;0;0,000
2026-08-04T19:23:06;Kogekar;45,500;45,000;auto;Run;0;0,000
2026-08-04T19:23:11;Kogekar;45,500;45,000;auto;Run;0;0,000
2026-08-04T19:23:17;Kogekar;45,400;45,000;auto;Run;0;0,000
2026-08-04T19:23:22;Kogekar;45,500;45,000;auto;Run;0;0,000
2026-08-04T19:23:27;Kogekar;45,400;45,000;auto;Run;0;0,000
2026-08-04T19:23:32;Kogekar;45,400;45,000;auto;Run;0;0,000
2026-08-04T19:23:37;Kogekar;45,500;45,000;auto;Run;0;0,000
2026-08-04T19:23:42;Kogekar;45,500;45,000;auto;Run;0;0,000
2026-08-04T19:23:48;Kogekar;45,500;45,000;auto;Run;0;0,000
2026-08-04T19:23:53;Kogekar;45,500;45,000;auto;Run;0;0,000
2026-08-04T19:23:58;Kogekar;45,500;45,000;auto;Run;0;0,000
2026-08-04T19:24:03;Kogekar;45,500;45,000;auto;Run;0;0,000
2026-08-04T19:24:08;Kogekar;45,500;45,000;auto;Run;0;0,000
2026-08-04T19:24:14;Kogekar;45,500;45,000;auto;Run;0;0,000
2026-08-04T19:24:19;Kogekar;45,500;45,000;auto;Run;0;0,000
2026-08-04T19:24:24;Kogekar;45,500;45,000;auto;Run;0;0,000
2026-08-04T19:24:30;Kogekar;45,500;45,000;auto;Run;0;0,000
2026-08-04T19:24:36;Kogekar;45,500;45,000;auto;Run;0;0,000
2026-08-04T19:24:41;Kogekar;45,500;45,000;auto;Run;0;0,000
2026-08-04T19:24:46;Kogekar;45,500;45,000;auto;Run;0;0,000
2026-08-04T19:24:51;Kogekar;45,500;45,000;auto;Run;0;0,000
2026-08-04T19:24:57;Kogekar;45,500;45,000;auto;Run;0;0,000
2026-08-04T19:25:02;Kogekar;45,500;45,000;auto;Run;0;0,000
2026-08-04T19:25:07;Kogekar;45,500;45,000;auto;Run;0;0,000
2026-08-04T19:25:12;Kogekar;45,400;45,000;auto;Run;0;0,000
2026-08-04T19:25:18;Kogekar;45,500;45,000;auto;Run;0;0,000
2026-08-04T19:25:23;Kogekar;45,400;45,000;auto;Run;0;0,000
2026-08-04T19:25:28;Kogekar;45,500;45,000;auto;Run;0;0,000
2026-08-04T19:25:33;Kogekar;45,500;45,000;auto;Run;0;0,000
2026-08-04T19:25:39;Kogekar;45,500;45,000;auto;Run;0;0,000
2026-08-04T19:25:44;Kogekar;45,500;45,000;auto;Run;0;0,000
2026-08-04T19:25:49;Kogekar;45,500;45,000;auto;Run;0;0,000
2026-08-04T19:25:54;Kogekar;45,600;45,000;auto;Run;0;0,000
2026-08-04T19:26:00;Kogekar;45,500;45,000;auto;Run;0;0,000
2026-08-04T19:26:05;Kogekar;45,500;45,000;auto;Run;0;0,000
2026-08-04T19:26:10;Kogekar;45,500;45,000;auto;Run;0;0,000
2026-08-04T19:26:15;Kogekar;45,500;45,000;auto;Run;0;0,000
2026-08-04T19:26:21;Kogekar;45,500;45,000;auto;Run;0;0,000
2026-08-04T19:26:26;Kogekar;45,400;45,000;auto;Run;0;0,000
2026-08-04T19:26:31;Kogekar;45,500;45,000;auto;Run;0;0,000
2026-08-04T19:26:37;Kogekar;45,500;45,000;auto;Run;0;0,000
2026-08-04T19:26:42;Kogekar;45,500;45,000;auto;Run;0;0,000
2026-08-04T19:26:47;Kogekar;45,500;45,000;auto;Run;0;0,000
2026-08-04T19:26:53;Kogekar;45,500;45,000;auto;Run;0;0,000
2026-08-04T19:26:58;Kogekar;45,500;45,000;auto;Run;0;0,000
2026-08-04T19:27:03;Kogekar;45,500;45,000;auto;Run;0;0,000
2026-08-04T19:27:09;Kogekar;45,500;45,000;auto;Run;0;0,000
2026-08-04T19:27:14;Kogekar;45,500;45,000;auto;Run;0;0,000
2026-08-04T19:27:19;Kogekar;45,400;45,000;auto;Run;0;0,000
2026-08-04T19:27:24;Kogekar;45,500;45,000;auto;Run;0;0,000
2026-08-04T19:27:30;Kogekar;45,500;45,000;auto;Run;0;0,000
2026-08-04T19:27:35;Kogekar;45,500;45,000;auto;Run;0;0,000
2026-08-04T19:27:40;Kogekar;45,400;45,000;auto;Run;0;0,000
2026-08-04T19:27:45;Kogekar;45,400;45,000;auto;Run;0;0,000
2026-08-04T19:27:50;Kogekar;45,400;45,000;auto;Run;0;0,000
2026-08-04T19:27:55;Kogekar;45,400;45,000;auto;Run;0;0,000
2026-08-04T19:28:01;Kogekar;45,500;45,000;auto;Run;0;0,000
2026-08-04T19:28:06;Kogekar;45,400;45,000;auto;Run;0;0,000
2026-08-04T19:28:11;Kogekar;45,400;45,000;auto;Run;0;0,000
2026-08-04T19:28:16;Kogekar;45,400;45,000;auto;Run;0;0,000
2026-08-04T19:28:22;Kogekar;45,400;45,000;auto;Run;0;0,000
2026-08-04T19:28:27;Kogekar;45,400;45,000;auto;Run;0;0,000
2026-08-04T19:28:32;Kogekar;45,400;45,000;auto;Run;0;0,000
2026-08-04T19:28:37;Kogekar;45,400;45,000;auto;Run;0;0,000
2026-08-04T19:28:42;Kogekar;45,400;45,000;auto;Run;0;0,000
2026-08-04T19:28:48;Kogekar;45,400;45,000;auto;Run;0;0,000
2026-08-04T19:28:53;Kogekar;45,400;45,000;auto;Run;0;0,000
2026-08-04T19:28:58;Kogekar;45,400;45,000;auto;Run;0;0,000
2026-08-04T19:29:03;Kogekar;45,500;45,000;auto;Run;0;0,000
2026-08-04T19:29:09;Kogekar;45,400;45,000;auto;Run;0;0,000
2026-08-04T19:29:14;Kogekar;45,400;45,000;auto;Run;0;0,000
2026-08-04T19:29:19;Kogekar;45,400;45,000;auto;Run;0;0,000
2026-08-04T19:29:24;Kogekar;45,500;45,000;auto;Run;0;0,000
2026-08-04T19:29:29;Kogekar;45,400;45,000;auto;Run;0;0,000
2026-08-04T19:29:35;Kogekar;45,400;45,000;auto;Run;0;0,000
2026-08-04T19:29:40;Kogekar;45,400;45,000;auto;Run;0;0,000
2026-08-04T19:29:45;Kogekar;45,400;45,000;auto;Run;0;0,000
2026-08-04T19:29:50;Kogekar;45,400;45,000;auto;Run;0;0,000
2026-08-04T19:29:55;Kogekar;45,400;45,000;auto;Run;0;0,000
2026-08-04T19:30:01;Kogekar;45,400;45,000;auto;Run;0;0,000
2026-08-04T19:30:06;Kogekar;45,400;45,000;auto;Run;0;0,000
2026-08-04T19:30:11;Kogekar;45,400;45,000;auto;Run;0;0,000
2026-08-04T19:30:16;Kogekar;45,400;45,000;auto;Run;0;0,000
2026-08-04T19:30:22;Kogekar;45,400;45,000;auto;Run;0;0,000
2026-08-04T19:30:27;Kogekar;45,500;45,000;auto;Run;0;0,000
2026-08-04T19:30:32;Kogekar;45,500;45,000;auto;Run;0;0,000
2026-08-04T19:30:37;Kogekar;45,400;45,000;auto;Run;0;0,000
2026-08-04T19:30:43;Kogekar;45,400;45,000;auto;Run;0;0,000
2026-08-04T19:30:48;Kogekar;45,400;45,000;auto;Run;0;0,000
2026-08-04T19:30:53;Kogekar;45,400;45,000;auto;Run;0;0,000
2026-08-04T19:30:59;Kogekar;45,400;45,000;auto;Run;0;0,000
2026-08-04T19:31:04;Kogekar;45,400;45,000;auto;Run;0;0,000
2026-08-04T19:31:09;Kogekar;45,500;45,000;auto;Run;0;0,000
2026-08-04T19:31:15;Kogekar;45,500;45,000;auto;Run;0;0,000
2026-08-04T19:31:20;Kogekar;45,400;45,000;auto;Run;0;0,000
2026-08-04T19:31:25;Kogekar;45,500;45,000;auto;Run;0;0,000
2026-08-04T19:31:30;Kogekar;45,500;45,000;auto;Run;0;0,000
2026-08-04T19:31:36;Kogekar;45,400;45,000;auto;Run;0;0,000
2026-08-04T19:31:41;Kogekar;45,400;45,000;auto;Run;0;0,000
2026-08-04T19:31:46;Kogekar;45,400;45,000;auto;Run;0;0,000
2026-08-04T19:31:51;Kogekar;45,400;45,000;auto;Run;0;0,000
2026-08-04T19:31:57;Kogekar;45,400;45,000;auto;Run;0;0,000
2026-08-04T19:32:02;Kogekar;45,400;45,000;auto;Run;0;0,000
2026-08-04T19:32:07;Kogekar;45,400;45,000;auto;Run;0;0,000
2026-08-04T19:32:13;Kogekar;45,500;45,000;auto;Run;0;0,000
2026-08-04T19:32:18;Kogekar;45,500;45,000;auto;Run;0;0,000
2026-08-04T19:32:23;Kogekar;45,400;45,000;auto;Run;0;0,000
2026-08-04T19:32:28;Kogekar;45,400;45,000;auto;Run;0;0,000
2026-08-04T19:32:33;Kogekar;45,400;45,000;auto;Run;0;0,000
2026-08-04T19:32:39;Kogekar;45,400;45,000;auto;Run;0;0,000
2026-08-04T19:32:44;Kogekar;45,400;45,000;auto;Run;0;0,000
2026-08-04T19:32:49;Kogekar;45,400;45,000;auto;Run;0;0,000
2026-08-04T19:32:54;Kogekar;45,400;45,000;auto;Run;0;0,000
2026-08-04T19:32:59;Kogekar;45,400;45,000;auto;Run;0;0,000
2026-08-04T19:33:05;Kogekar;45,400;45,000;auto;Run;0;0,000
2026-08-04T19:33:10;Kogekar;45,400;45,000;auto;Run;0;0,000
2026-08-04T19:33:15;Kogekar;45,400;45,000;auto;Run;0;0,000
2026-08-04T19:33:20;Kogekar;45,400;45,000;auto;Run;0;0,000
2026-08-04T19:33:26;Kogekar;45,400;45,000;auto;Run;0;0,000
2026-08-04T19:33:31;Kogekar;45,400;45,000;auto;Run;0;0,000
2026-08-04T19:33:36;Kogekar;45,400;45,000;auto;Run;0;0,000
2026-08-04T19:33:41;Kogekar;45,400;45,000;auto;Run;0;0,000
2026-08-04T19:33:47;Kogekar;45,400;45,000;auto;Run;0;0,000
2026-08-04T19:33:52;Kogekar;45,400;45,000;auto;Run;0;0,000
2026-08-04T19:33:57;Kogekar;45,400;45,000;auto;Run;0;0,000
2026-08-04T19:34:02;Kogekar;45,400;45,000;auto;Run;0;0,000
2026-08-04T19:34:07;Kogekar;45,400;45,000;auto;Run;0;0,000
2026-08-04T19:34:13;Kogekar;45,400;45,000;auto;Run;0;0,000
2026-08-04T19:34:18;Kogekar;45,400;45,000;auto;Run;0;0,000
2026-08-04T19:34:23;Kogekar;45,400;45,000;auto;Run;0;0,000
2026-08-04T19:34:28;Kogekar;45,400;45,000;auto;Run;0;0,000
2026-08-04T19:34:34;Kogekar;45,400;45,000;auto;Run;0;0,000
2026-08-04T19:34:39;Kogekar;45,400;45,000;auto;Run;0;0,000
2026-08-04T19:34:44;Kogekar;45,400;45,000;auto;Run;0;0,000
2026-08-04T19:34:49;Kogekar;45,400;45,000;auto;Run;0;0,000
2026-08-04T19:34:54;Kogekar;45,400;45,000;auto;Run;0;0,000
2026-08-04T19:35:00;Kogekar;45,400;45,000;auto;Run;0;0,000
2026-08-04T19:35:05;Kogekar;45,400;45,000;auto;Run;0;0,000
2026-08-04T19:35:10;Kogekar;45,400;45,000;auto;Run;0;0,000
2026-08-04T19:35:16;Kogekar;45,400;45,000;auto;Run;0;0,000
2026-08-04T19:35:21;Kogekar;45,400;45,000;auto;Run;0;0,000
2026-08-04T19:35:26;Kogekar;45,400;45,000;auto;Run;0;0,000
2026-08-04T19:35:32;Kogekar;45,400;45,000;auto;Run;0;0,000
2026-08-04T19:35:37;Kogekar;45,400;45,000;auto;Run;0;0,000
2026-08-04T19:35:42;Kogekar;45,400;45,000;auto;Run;0;0,000
2026-08-04T19:35:47;Kogekar;45,400;45,000;auto;Run;0;0,000
2026-08-04T19:35:53;Kogekar;45,400;45,000;auto;Run;0;0,000
2026-08-04T19:35:58;Kogekar;45,400;45,000;auto;Run;0;0,000
2026-08-04T19:36:03;Kogekar;45,400;45,000;auto;Run;0;0,000
2026-08-04T19:36:08;Kogekar;45,400;45,000;auto;Run;0;0,000
2026-08-04T19:36:14;Kogekar;45,300;45,000;auto;Run;0;0,000
2026-08-04T19:36:19;Kogekar;45,400;45,000;auto;Run;0;0,000
2026-08-04T19:36:24;Kogekar;45,400;45,000;auto;Run;0;0,000
2026-08-04T19:36:29;Kogekar;45,300;45,000;auto;Run;0;0,000
2026-08-04T19:36:34;Kogekar;45,400;45,000;auto;Run;0;0,000
2026-08-04T19:36:40;Kogekar;45,300;45,000;auto;Run;0;0,000
2026-08-04T19:36:45;Kogekar;45,300;45,000;auto;Run;0;0,000
2026-08-04T19:36:50;Kogekar;45,300;45,000;auto;Run;0;0,000
2026-08-04T19:36:55;Kogekar;45,400;45,000;auto;Run;0;0,000
2026-08-04T19:37:01;Kogekar;45,400;45,000;auto;Run;0;0,000
2026-08-04T19:37:06;Kogekar;45,400;45,000;auto;Run;0;0,000
2026-08-04T19:37:11;Kogekar;45,400;45,000;auto;Run;0;0,000
2026-08-04T19:37:16;Kogekar;45,300;45,000;auto;Run;0;0,000
2026-08-04T19:37:22;Kogekar;45,400;45,000;auto;Run;0;0,000
2026-08-04T19:37:27;Kogekar;45,300;45,000;auto;Run;0;0,000
2026-08-04T19:37:32;Kogekar;45,300;45,000;auto;Run;0;0,000
2026-08-04T19:37:37;Kogekar;45,300;45,000;auto;Run;0;0,000
2026-08-04T19:37:42;Kogekar;45,300;45,000;auto;Run;0;0,000
2026-08-04T19:37:48;Kogekar;45,300;45,000;auto;Run;0;0,000
2026-08-04T19:37:53;Kogekar;45,300;45,000;auto;Run;0;0,000
2026-08-04T19:37:58;Kogekar;45,300;45,000;auto;Run;0;0,000
2026-08-04T19:38:03;Kogekar;45,300;45,000;auto;Run;0;0,000
2026-08-04T19:38:08;Kogekar;45,300;45,000;auto;Run;0;0,000
2026-08-04T19:38:14;Kogekar;45,300;45,000;auto;Run;0;0,000
2026-08-04T19:38:19;Kogekar;45,300;45,000;auto;Run;0;0,000
2026-08-04T19:38:24;Kogekar;45,300;45,000;auto;Run;0;0,000
2026-08-04T19:38:29;Kogekar;45,300;45,000;auto;Run;0;0,000
2026-08-04T19:38:34;Kogekar;45,300;45,000;auto;Run;0;0,000
2026-08-04T19:38:39;Kogekar;45,300;45,000;auto;Run;0;0,000
2026-08-04T19:38:45;Kogekar;45,300;45,000;auto;Run;0;0,000
2026-08-04T19:38:50;Kogekar;45,300;45,000;auto;Run;0;0,000
2026-08-04T19:38:55;Kogekar;45,300;45,000;auto;Run;0;0,000
2026-08-04T19:39:01;Kogekar;45,300;45,000;auto;Run;0;0,000
2026-08-04T19:39:06;Kogekar;45,300;45,000;auto;Run;0;0,000
2026-08-04T19:39:11;Kogekar;45,300;45,000;auto;Run;0;0,000
2026-08-04T19:39:16;Kogekar;45,300;45,000;auto;Run;0;0,000
2026-08-04T19:39:22;Kogekar;45,300;45,000;auto;Run;0;0,000
2026-08-04T19:39:27;Kogekar;45,300;45,000;auto;Run;0;0,000
2026-08-04T19:39:32;Kogekar;45,300;45,000;auto;Run;0;0,000
2026-08-04T19:39:38;Kogekar;45,300;45,000;auto;Run;0;0,000
2026-08-04T19:39:43;Kogekar;45,300;45,000;auto;Run;0;0,000
2026-08-04T19:39:48;Kogekar;45,300;45,000;auto;Run;0;0,000
2026-08-04T19:39:54;Kogekar;45,300;45,000;auto;Run;0;0,000
2026-08-04T19:39:59;Kogekar;45,300;45,000;auto;Run;0;0,000
2026-08-04T19:40:04;Kogekar;45,300;45,000;auto;Run;0;0,000
2026-08-04T19:40:09;Kogekar;45,300;45,000;auto;Run;0;0,000
2026-08-04T19:40:15;Kogekar;45,300;45,000;auto;Run;0;0,000
2026-08-04T19:40:20;Kogekar;45,300;45,000;auto;Run;0;0,000
2026-08-04T19:40:25;Kogekar;45,300;45,000;auto;Run;0;0,000
2026-08-04T19:40:31;Kogekar;45,300;45,000;auto;Run;0;0,000
2026-08-04T19:40:36;Kogekar;45,300;45,000;auto;Run;0;0,000
2026-08-04T19:40:41;Kogekar;45,300;45,000;auto;Run;0;0,000
2026-08-04T19:40:46;Kogekar;45,300;45,000;auto;Run;0;0,000
2026-08-04T19:40:51;Kogekar;45,300;45,000;auto;Run;0;0,000
2026-08-04T19:40:56;Kogekar;45,300;45,000;auto;Run;0;0,000
2026-08-04T19:41:01;Kogekar;45,300;45,000;auto;Run;0;0,000
2026-08-04T19:41:07;Kogekar;45,300;45,000;auto;Run;0;0,000
2026-08-04T19:41:12;Kogekar;45,300;45,000;auto;Run;0;0,000
2026-08-04T19:41:17;Kogekar;45,200;45,000;auto;Run;0;0,000
2026-08-04T19:41:22;Kogekar;45,300;45,000;auto;Run;0;0,000
2026-08-04T19:41:28;Kogekar;45,300;45,000;auto;Run;0;0,000
2026-08-04T19:41:33;Kogekar;45,200;45,000;auto;Run;0;0,000
2026-08-04T19:41:38;Kogekar;45,300;45,000;auto;Run;0;0,000
2026-08-04T19:41:43;Kogekar;45,200;45,000;auto;Run;0;0,000
2026-08-04T19:41:48;Kogekar;45,300;45,000;auto;Run;0;0,000
2026-08-04T19:41:54;Kogekar;45,300;45,000;auto;Run;0;0,000
2026-08-04T19:41:59;Kogekar;45,300;45,000;auto;Run;0;0,000
2026-08-04T19:42:04;Kogekar;45,300;45,000;auto;Run;0;0,000
2026-08-04T19:42:09;Kogekar;45,300;45,000;auto;Run;0;0,000
2026-08-04T19:42:14;Kogekar;45,300;45,000;auto;Run;0;0,000
2026-08-04T19:42:20;Kogekar;45,200;45,000;auto;Run;0;0,000
2026-08-04T19:42:25;Kogekar;45,300;45,000;auto;Run;0;0,000
2026-08-04T19:42:30;Kogekar;45,300;45,000;auto;Run;0;0,000
2026-08-04T19:42:36;Kogekar;45,300;45,000;auto;Run;0;0,000
2026-08-04T19:42:41;Kogekar;45,300;45,000;auto;Run;0;0,000
2026-08-04T19:42:46;Kogekar;45,300;45,000;auto;Run;0;0,000
2026-08-04T19:42:51;Kogekar;45,200;45,000;auto;Run;0;0,000
2026-08-04T19:42:56;Kogekar;45,300;45,000;auto;Run;0;0,000
2026-08-04T19:43:02;Kogekar;45,200;45,000;auto;Run;0;0,000
2026-08-04T19:43:07;Kogekar;45,300;45,000;auto;Run;0;0,000
2026-08-04T19:43:12;Kogekar;45,300;45,000;auto;Run;0;0,000
2026-08-04T19:43:17;Kogekar;45,200;45,000;auto;Run;0;0,000
2026-08-04T19:43:23;Kogekar;45,200;45,000;auto;Run;0;0,000
2026-08-04T19:43:28;Kogekar;45,200;45,000;auto;Run;0;0,000
2026-08-04T19:43:33;Kogekar;45,200;45,000;auto;Run;0;0,000
2026-08-04T19:43:39;Kogekar;45,200;45,000;auto;Run;0;0,000
2026-08-04T19:43:44;Kogekar;45,200;45,000;auto;Run;0;0,000
2026-08-04T19:43:49;Kogekar;45,200;45,000;auto;Run;0;0,000
2026-08-04T19:43:55;Kogekar;45,200;45,000;auto;Run;0;0,000
2026-08-04T19:44:00;Kogekar;45,200;45,000;auto;Run;0;0,000
2026-08-04T19:44:05;Kogekar;45,200;45,000;auto;Run;0;0,000
2026-08-04T19:44:10;Kogekar;45,200;45,000;auto;Run;0;0,000
2026-08-04T19:44:15;Kogekar;45,200;45,000;auto;Run;0;0,000
2026-08-04T19:44:21;Kogekar;45,200;45,000;auto;Run;0;0,000
2026-08-04T19:44:26;Kogekar;45,200;45,000;auto;Run;0;0,000
2026-08-04T19:44:31;Kogekar;45,200;45,000;auto;Run;0;0,000
2026-08-04T19:44:36;Kogekar;45,200;45,000;auto;Run;0;0,000
2026-08-04T19:44:42;Kogekar;45,200;45,000;auto;Run;0;0,000
2026-08-04T19:44:47;Kogekar;45,200;45,000;auto;Run;0;0,000
2026-08-04T19:44:52;Kogekar;45,200;45,000;auto;Run;0;0,000
2026-08-04T19:44:57;Kogekar;45,200;45,000;auto;Run;0;0,000
2026-08-04T19:45:03;Kogekar;45,200;45,000;auto;Run;0;0,000
2026-08-04T19:45:08;Kogekar;45,200;45,000;auto;Run;0;0,000
2026-08-04T19:45:13;Kogekar;45,200;45,000;auto;Run;0;0,000
2026-08-04T19:45:18;Kogekar;45,200;45,000;auto;Run;0;0,000
2026-08-04T19:45:23;Kogekar;45,200;45,000;auto;Run;0;0,000
2026-08-04T19:45:29;Kogekar;45,200;45,000;auto;Run;0;0,000
2026-08-04T19:45:34;Kogekar;45,200;45,000;auto;Run;0;0,000
2026-08-04T19:45:39;Kogekar;45,200;45,000;auto;Run;0;0,000
